Date,Time,CO(GT),PT08.S1(CO),NMHC(GT),C6H6(GT),PT08.S2(NMHC),NOx(GT),PT08.S3(NOx),NO2(GT),PT08.S4(NO2),PT08.S5(O3),T,RH,AH,Target
01-03-2004,00:00:00,-200.0,1475,120,32.8,1065,-200,502,60,1339,1270,19.9,46.4,1.397,High
01-03-2004,01:00:00,-200.0,968,-200,13.0,1194,100,635,60,1187,1442,17.6,18.3,1.4657,Moderate
01-03-2004,02:00:00,-200.0,1097,120,9.2,1159,100,809,-200,1334,1388,10.9,59.2,0.9877,Low
01-03-2004,03:00:00,0.5,1032,-200,18.4,978,150,948,60,1056,789,3.8,56.2,0.8256,Low
01-03-2004,04:00:00,0.5,1070,120,11.1,776,-200,731,60,1300,981,15.5,20.9,1.1638,Low
01-03-2004,05:00:00,-200.0,859,120,19.7,651,-200,931,-200,1578,1247,3.7,85.7,0.6269,Moderate
01-03-2004,06:00:00,-200.0,1095,150,13.5,678,-200,428,-200,645,870,20.2,22.5,0.8412,Moderate
01-03-2004,07:00:00,1.0,1266,150,6.4,984,100,942,100,1640,1337,12.1,79.1,1.391,High
01-03-2004,08:00:00,1.0,1034,120,10.8,1175,-200,418,60,830,1694,19.6,15.0,1.4424,High
01-03-2004,09:00:00,-200.0,1476,120,16.5,607,-200,547,-200,1549,1510,6.4,81.2,1.4052,High
01-03-2004,10:00:00,-200.0,1505,120,3.0,813,100,870,60,1236,1054,32.8,16.5,0.5412,High
01-03-2004,11:00:00,1.0,1033,120,27.4,624,150,890,60,711,903,31.5,71.8,0.5022,Low
01-03-2004,12:00:00,-200.0,1167,150,22.5,1049,150,682,-200,1192,988,8.3,42.1,0.587,High
01-03-2004,13:00:00,1.0,1494,-200,21.8,1056,100,512,100,1458,1567,13.3,70.4,0.7737,Moderate
01-03-2004,14:00:00,1.0,1031,120,20.0,1060,150,854,-200,990,1161,22.2,45.1,0.6084,Moderate
01-03-2004,15:00:00,1.0,1290,150,21.5,797,150,729,-200,991,1308,5.2,20.3,0.6865,Moderate
01-03-2004,16:00:00,0.5,1418,120,32.8,693,150,654,60,927,1449,13.7,72.6,1.0068,High
01-03-2004,17:00:00,0.5,1302,120,2.3,1036,-200,998,100,1346,872,10.3,20.3,1.1913,Low
01-03-2004,18:00:00,-200.0,1534,-200,3.6,1126,150,798,-200,966,1000,32.2,84.2,1.1562,Low
01-03-2004,19:00:00,1.0,1391,120,8.3,977,-200,907,60,681,1299,30.1,18.8,1.2588,High
01-03-2004,20:00:00,0.5,1545,120,7.5,1186,150,865,-200,1405,1610,21.1,50.9,0.2418,High
01-03-2004,21:00:00,-200.0,1180,-200,8.0,703,-200,806,60,1421,1562,19.2,69.2,0.2621,Moderate
01-03-2004,22:00:00,-200.0,1495,-200,24.2,638,100,497,-200,1699,1228,32.7,44.5,1.2262,Moderate
01-03-2004,23:00:00,-200.0,1227,-200,17.2,1057,100,689,100,1551,839,32.8,31.3,0.893,Low
02-03-2004,00:00:00,-200.0,1496,-200,34.7,963,150,555,-200,971,1465,34.0,71.9,0.9516,Moderate
02-03-2004,01:00:00,-200.0,1445,150,9.5,734,-200,561,60,863,977,6.1,73.8,0.2684,Moderate
02-03-2004,02:00:00,1.0,1531,150,12.3,973,100,496,-200,709,1362,7.3,84.2,0.5319,High
02-03-2004,03:00:00,-200.0,1599,150,34.5,831,100,776,100,906,1210,24.3,43.2,1.0299,Low
02-03-2004,04:00:00,1.0,1163,120,29.4,638,100,966,100,825,1045,19.9,53.0,1.3169,High
02-03-2004,05:00:00,0.5,1001,-200,17.5,646,100,849,100,784,1545,2.6,42.2,1.3921,Low
02-03-2004,06:00:00,-200.0,945,-200,20.3,635,150,516,100,1563,839,4.0,34.3,0.8505,High
02-03-2004,07:00:00,0.5,1438,150,29.8,694,-200,905,60,630,813,31.3,71.3,0.9091,Low
02-03-2004,08:00:00,1.0,1256,120,17.9,960,100,588,-200,1213,1279,30.7,40.5,1.283,Moderate
02-03-2004,09:00:00,1.0,934,120,8.8,1124,150,875,100,698,1206,13.8,47.1,0.8989,Low
02-03-2004,10:00:00,0.5,1425,120,29.3,745,100,722,-200,1410,1065,31.4,45.3,0.8719,Low
02-03-2004,11:00:00,-200.0,1063,150,19.7,967,100,995,60,1251,1390,21.6,68.4,1.3766,High
02-03-2004,12:00:00,-200.0,863,120,7.1,664,100,579,-200,1413,1336,28.6,83.8,1.2269,Low
02-03-2004,13:00:00,0.5,1290,120,18.7,827,100,580,-200,1619,1096,16.1,65.0,1.3818,Low
02-03-2004,14:00:00,0.5,1446,120,15.6,1119,150,686,100,1577,1524,5.7,50.4,0.4837,Low
02-03-2004,15:00:00,0.5,840,-200,30.9,1154,-200,874,100,687,1522,16.3,73.4,0.8817,High
02-03-2004,16:00:00,-200.0,1095,150,6.2,780,150,661,60,1686,1549,17.1,63.1,1.2952,Low
02-03-2004,17:00:00,-200.0,802,-200,30.9,1100,150,922,-200,1521,1574,20.2,19.5,0.3445,High
02-03-2004,18:00:00,-200.0,1505,-200,18.9,1196,150,561,60,1185,1623,5.5,22.2,1.2331,Moderate
02-03-2004,19:00:00,0.5,909,150,15.3,754,100,886,60,1417,1569,34.7,17.8,0.4379,High
02-03-2004,20:00:00,-200.0,1020,-200,7.3,1134,-200,580,60,1531,1444,10.1,49.3,1.2506,Low
02-03-2004,21:00:00,1.0,1169,120,25.1,1034,100,868,100,1396,1639,8.6,76.9,0.9956,Moderate
02-03-2004,22:00:00,0.5,1167,120,32.6,698,150,420,100,1618,1358,19.4,38.5,0.4512,Low
02-03-2004,23:00:00,-200.0,1235,120,14.4,971,100,674,-200,1612,1641,19.7,43.8,0.8154,High
03-03-2004,00:00:00,0.5,803,120,10.0,1162,-200,659,-200,1572,810,16.5,83.2,1.0865,Moderate
03-03-2004,01:00:00,1.0,1043,150,20.3,961,-200,732,-200,1232,1574,27.5,77.8,1.024,Moderate
03-03-2004,02:00:00,1.0,965,-200,28.3,711,100,865,100,945,1057,19.0,64.9,0.7554,Moderate
03-03-2004,03:00:00,0.5,825,-200,2.1,1052,150,515,100,1323,937,22.1,35.0,1.3692,Low
03-03-2004,04:00:00,0.5,1194,120,22.8,768,100,812,60,1500,702,25.9,23.8,0.875,Moderate
03-03-2004,05:00:00,1.0,1273,120,21.7,1183,150,936,100,1637,1422,2.8,16.2,0.8576,Moderate
03-03-2004,06:00:00,0.5,816,-200,12.5,738,-200,656,60,735,1103,20.8,23.0,0.2809,Moderate
03-03-2004,07:00:00,1.0,1527,150,16.9,830,100,567,60,996,724,31.2,36.9,1.3988,Moderate
03-03-2004,08:00:00,1.0,891,-200,10.1,838,-200,932,100,1391,1542,2.6,56.4,0.4303,High
03-03-2004,09:00:00,-200.0,1282,120,28.1,852,150,997,60,678,1208,15.4,19.8,0.8868,Low
03-03-2004,10:00:00,0.5,1342,120,22.9,1035,150,414,60,1304,1395,32.6,25.2,1.2446,Low
03-03-2004,11:00:00,0.5,1004,150,19.6,1160,100,449,-200,1581,1164,13.7,28.6,0.4801,Moderate
03-03-2004,12:00:00,-200.0,1301,-200,15.0,1021,100,703,60,1674,760,17.1,62.4,0.8856,High
03-03-2004,13:00:00,1.0,1199,150,11.6,902,100,886,100,1343,1207,34.4,61.2,0.5129,Moderate
03-03-2004,14:00:00,0.5,1006,150,29.2,671,-200,815,100,983,822,8.6,56.3,1.1876,Low
03-03-2004,15:00:00,-200.0,1418,120,16.9,862,150,704,60,974,1196,4.2,33.8,0.9336,Low
03-03-2004,16:00:00,-200.0,945,-200,18.5,821,150,595,-200,805,754,30.4,42.8,1.3128,Low
03-03-2004,17:00:00,0.5,900,120,19.2,676,-200,787,100,1088,862,30.7,22.3,1.3629,Moderate
03-03-2004,18:00:00,-200.0,1040,-200,16.8,661,100,854,100,1480,1673,17.6,32.0,1.0434,Moderate
03-03-2004,19:00:00,1.0,1558,120,10.5,1070,100,709,-200,1231,1398,19.0,82.3,1.143,High
03-03-2004,20:00:00,-200.0,962,120,6.0,756,-200,526,60,1191,738,29.6,88.5,0.914,High
03-03-2004,21:00:00,1.0,972,-200,5.3,724,150,574,100,1665,1396,26.4,63.6,0.6998,Low
03-03-2004,22:00:00,1.0,1301,-200,27.0,760,150,533,60,1132,782,10.7,83.8,1.0426,Low
03-03-2004,23:00:00,0.5,1346,120,9.4,1140,150,465,60,1121,1406,2.6,63.2,1.3808,High
04-03-2004,00:00:00,-200.0,1083,-200,3.8,1190,150,792,60,1424,1245,17.8,17.5,0.7417,Low
04-03-2004,01:00:00,1.0,1158,120,28.3,1134,-200,764,60,1197,812,30.3,89.8,0.6087,High
04-03-2004,02:00:00,1.0,1180,-200,7.1,705,150,678,100,712,1124,31.6,22.4,0.705,Moderate
04-03-2004,03:00:00,-200.0,1332,120,22.6,730,-200,762,-200,1333,1617,33.6,66.2,0.766,Low
04-03-2004,04:00:00,1.0,962,120,13.2,956,100,570,100,917,929,31.0,34.0,0.2956,Low
04-03-2004,05:00:00,-200.0,1408,120,6.2,601,-200,450,-200,1595,982,21.1,44.4,0.848,High
04-03-2004,06:00:00,0.5,1106,150,15.7,832,150,727,60,812,1616,16.7,63.4,0.8426,Moderate
04-03-2004,07:00:00,1.0,1138,-200,2.5,968,100,991,-200,852,1636,27.6,47.7,0.965,Low
04-03-2004,08:00:00,1.0,854,120,29.8,850,-200,544,60,723,986,26.4,33.8,0.6717,Low
04-03-2004,09:00:00,-200.0,1132,150,18.9,707,-200,673,100,1223,854,19.8,40.1,0.997,High
04-03-2004,10:00:00,-200.0,926,120,6.6,875,-200,554,100,1688,864,4.9,40.6,1.3417,Moderate
04-03-2004,11:00:00,-200.0,1504,150,9.8,779,100,907,-200,1497,1661,32.6,86.9,1.4421,High
04-03-2004,12:00:00,-200.0,1042,120,16.8,892,-200,762,60,846,881,17.0,74.9,0.9587,Moderate
04-03-2004,13:00:00,1.0,1399,120,8.2,1183,150,724,60,1040,938,14.0,49.4,0.2554,Moderate
04-03-2004,14:00:00,0.5,1208,150,10.9,774,100,697,-200,644,1348,22.8,30.0,1.46,High
04-03-2004,15:00:00,0.5,1302,150,19.6,722,100,893,60,1257,1038,24.2,75.8,1.1176,High
04-03-2004,16:00:00,0.5,1526,-200,29.5,826,-200,945,60,1479,1637,9.0,26.8,0.6368,Moderate
04-03-2004,17:00:00,0.5,1403,-200,15.3,1043,150,703,60,1616,1211,29.6,30.8,0.3913,High
04-03-2004,18:00:00,-200.0,1102,150,25.7,1027,100,866,100,1153,1631,11.6,42.5,0.3864,Low
04-03-2004,19:00:00,1.0,1263,-200,30.9,682,-200,638,100,1408,965,8.2,81.0,0.4181,Low
04-03-2004,20:00:00,1.0,1034,150,9.1,664,150,916,100,1570,886,15.4,24.9,0.2592,Low
04-03-2004,21:00:00,1.0,1495,-200,28.6,880,-200,575,60,1329,739,26.1,24.2,1.3728,Low
04-03-2004,22:00:00,-200.0,837,120,27.0,990,-200,809,100,1620,1521,33.9,52.0,0.903,Low
04-03-2004,23:00:00,1.0,938,-200,13.8,1027,100,763,60,1553,1192,28.7,35.7,1.1099,High
05-03-2004,00:00:00,-200.0,994,120,34.7,706,100,422,60,1690,1378,33.0,57.7,1.2765,Moderate
05-03-2004,01:00:00,1.0,1326,120,10.7,1147,-200,717,-200,1664,1090,6.6,48.9,1.229,High
05-03-2004,02:00:00,0.5,1568,-200,10.4,861,100,924,60,698,959,4.3,47.6,1.3474,Low
05-03-2004,03:00:00,-200.0,1446,150,27.5,758,100,675,100,1471,1354,20.4,23.4,1.4574,Low
05-03-2004,04:00:00,1.0,800,120,16.3,864,150,628,100,900,1415,11.6,25.6,0.7708,High
05-03-2004,05:00:00,0.5,1360,120,12.9,1067,150,507,60,1087,875,29.3,76.6,1.4354,High
05-03-2004,06:00:00,0.5,895,-200,7.9,801,-200,575,100,1604,1473,24.2,81.4,1.1403,Moderate
05-03-2004,07:00:00,0.5,1512,150,27.3,754,-200,719,60,1076,1463,34.0,32.6,0.2919,Low
05-03-2004,08:00:00,-200.0,1212,150,27.9,612,-200,685,-200,1460,1028,10.4,23.5,1.0863,High
05-03-2004,09:00:00,-200.0,1337,-200,20.7,896,-200,728,60,1408,1630,18.0,19.0,1.0927,Moderate
05-03-2004,10:00:00,1.0,1228,150,33.6,1097,150,755,60,1117,899,18.5,60.6,1.3776,Low
05-03-2004,11:00:00,0.5,1034,-200,12.5,1196,100,413,-200,1058,1410,9.9,68.7,0.6848,Low
05-03-2004,12:00:00,1.0,1148,-200,9.2,844,150,674,100,829,895,21.5,43.0,0.9604,Low
05-03-2004,13:00:00,1.0,1555,-200,24.4,899,-200,470,-200,607,1525,16.6,66.0,0.2158,High
05-03-2004,14:00:00,0.5,1280,120,27.0,961,-200,594,-200,794,1288,16.7,68.5,0.6317,Low
05-03-2004,15:00:00,1.0,1195,120,9.4,953,150,922,60,1642,1230,14.0,85.2,0.2809,Low
05-03-2004,16:00:00,-200.0,1150,120,4.5,1120,150,505,60,953,761,2.6,19.9,0.8784,Moderate
05-03-2004,17:00:00,1.0,1215,-200,28.7,985,-200,595,-200,1672,1026,19.2,29.4,1.2627,High
05-03-2004,18:00:00,0.5,850,120,34.2,911,100,544,100,1063,1605,13.1,20.1,0.4684,Moderate
05-03-2004,19:00:00,-200.0,880,120,23.3,1013,-200,749,-200,955,980,2.0,80.1,0.8857,High
05-03-2004,20:00:00,-200.0,835,120,11.2,877,150,823,100,1449,1639,12.2,74.4,0.4652,Low
05-03-2004,21:00:00,1.0,866,-200,34.9,1192,-200,870,-200,1573,1461,11.2,58.1,0.3569,Moderate
05-03-2004,22:00:00,1.0,1440,-200,31.5,955,-200,615,-200,665,926,15.0,21.3,0.8643,High
05-03-2004,23:00:00,-200.0,1466,-200,18.9,1124,100,492,100,1458,1338,6.4,35.5,0.3029,High
06-03-2004,00:00:00,1.0,1556,120,29.2,615,-200,659,-200,1170,757,18.8,37.3,0.9636,Low
06-03-2004,01:00:00,0.5,1422,150,28.9,644,-200,974,60,907,1620,24.9,57.1,0.2407,Low
06-03-2004,02:00:00,1.0,1479,120,32.8,920,-200,940,-200,1382,1176,22.8,34.4,0.3387,Moderate
06-03-2004,03:00:00,1.0,1280,120,29.8,925,150,684,60,720,1075,28.5,20.5,0.915,Moderate
06-03-2004,04:00:00,-200.0,1267,-200,23.2,747,150,883,100,1365,1415,16.9,69.8,0.9688,High
06-03-2004,05:00:00,1.0,941,-200,22.1,954,100,771,100,1372,942,19.1,37.4,0.2377,Moderate
06-03-2004,06:00:00,1.0,1155,120,17.4,835,-200,469,60,695,1066,28.7,48.9,0.9454,Low
06-03-2004,07:00:00,1.0,1508,120,22.7,704,150,778,-200,1586,1635,16.1,24.6,1.2901,Moderate
06-03-2004,08:00:00,0.5,1270,150,28.2,1073,100,678,60,1139,1543,25.2,75.2,1.139,Moderate
06-03-2004,09:00:00,1.0,1420,150,34.0,995,-200,701,60,601,1199,16.3,57.4,0.3705,High
06-03-2004,10:00:00,0.5,1390,-200,17.4,1045,100,654,100,1179,1537,15.8,82.6,0.9702,Low
06-03-2004,11:00:00,0.5,1472,150,20.9,819,100,663,60,932,951,27.1,52.2,1.0739,High
06-03-2004,12:00:00,0.5,1238,150,16.7,1041,100,823,-200,1647,1605,7.8,85.6,0.2484,Low
06-03-2004,13:00:00,0.5,1330,-200,24.1,627,100,612,60,1341,1021,13.2,81.9,1.312,Low
06-03-2004,14:00:00,-200.0,926,150,22.8,1074,100,499,100,1105,1075,9.4,58.2,1.3781,High
06-03-2004,15:00:00,0.5,1004,120,2.6,904,100,511,-200,1599,1108,13.9,85.0,1.3056,Moderate
06-03-2004,16:00:00,1.0,828,150,19.9,1004,100,707,100,1332,1410,9.6,39.2,1.272,High
06-03-2004,17:00:00,0.5,1244,-200,4.9,1112,-200,874,60,1113,1187,21.1,42.4,1.1685,Moderate
06-03-2004,18:00:00,1.0,1518,120,2.9,1101,-200,947,60,1494,1042,28.3,18.4,1.0235,High
06-03-2004,19:00:00,0.5,1263,150,28.1,947,100,511,100,960,939,28.0,59.2,1.0822,High
06-03-2004,20:00:00,-200.0,1079,120,10.5,839,-200,486,100,873,838,14.0,69.1,1.2483,Moderate
06-03-2004,21:00:00,0.5,950,120,13.2,1169,100,582,-200,776,821,34.6,73.0,1.0612,Moderate
06-03-2004,22:00:00,0.5,1039,150,4.1,936,-200,996,100,1126,1119,21.6,26.2,0.626,Moderate
06-03-2004,23:00:00,-200.0,1065,150,7.9,625,150,564,100,1512,1260,15.2,48.3,0.6887,High
07-03-2004,00:00:00,0.5,1493,-200,27.3,1008,100,489,60,878,1003,29.6,28.3,1.3662,Moderate
07-03-2004,01:00:00,1.0,904,-200,18.3,676,150,854,60,1305,814,26.1,64.7,0.2223,Moderate
07-03-2004,02:00:00,0.5,1232,120,31.1,816,100,637,100,663,1042,26.7,26.8,1.1085,Moderate
07-03-2004,03:00:00,0.5,1296,-200,15.1,927,100,933,100,889,950,8.5,82.8,1.4412,Low
07-03-2004,04:00:00,0.5,1239,120,10.9,622,150,457,60,617,706,17.5,32.3,1.1181,Moderate
07-03-2004,05:00:00,-200.0,1547,120,13.5,909,150,941,-200,663,1430,30.4,36.9,1.4921,Moderate
07-03-2004,06:00:00,0.5,1484,-200,25.5,1198,150,801,-200,929,1288,18.6,78.8,1.0938,Moderate
07-03-2004,07:00:00,0.5,957,-200,20.3,866,100,918,-200,1362,878,24.6,49.4,0.2447,Low
07-03-2004,08:00:00,1.0,971,-200,31.8,1014,150,596,-200,1640,844,21.4,16.8,1.2751,Low
07-03-2004,09:00:00,0.5,1293,150,21.9,866,150,445,60,1042,1115,29.8,52.1,0.57,Moderate
07-03-2004,10:00:00,0.5,1110,120,18.3,932,-200,929,100,740,1365,11.4,21.3,0.7799,Moderate
07-03-2004,11:00:00,0.5,1202,120,27.9,1049,-200,796,-200,1043,820,21.0,88.9,0.6057,Moderate
07-03-2004,12:00:00,0.5,1468,120,33.3,1164,150,473,60,1095,823,6.1,59.1,0.5491,Moderate
07-03-2004,13:00:00,1.0,1569,-200,13.7,846,150,815,100,1025,849,24.8,34.2,0.7608,Low
07-03-2004,14:00:00,1.0,1475,-200,10.2,635,150,734,-200,1049,1096,26.2,57.3,0.6924,Moderate
07-03-2004,15:00:00,-200.0,1458,-200,22.3,1000,150,974,100,950,1080,3.4,20.8,1.0233,Low
07-03-2004,16:00:00,0.5,1465,-200,18.5,627,-200,695,-200,1198,1479,24.3,75.0,1.2571,High
07-03-2004,17:00:00,-200.0,1262,-200,34.6,819,100,483,100,1310,1538,15.7,84.4,0.5862,Low
07-03-2004,18:00:00,-200.0,1166,150,17.3,1005,150,414,-200,1469,700,6.1,80.6,0.4778,High
07-03-2004,19:00:00,0.5,1349,-200,4.5,870,150,533,-200,992,1372,15.9,40.6,1.067,Low
07-03-2004,20:00:00,1.0,1442,120,34.3,1110,-200,877,100,1441,943,8.4,39.4,1.0714,Low
07-03-2004,21:00:00,1.0,1054,-200,29.8,885,150,718,100,1000,1586,15.7,17.6,1.3715,Low
07-03-2004,22:00:00,0.5,1007,120,7.9,1053,150,791,100,649,1097,14.7,63.9,0.2207,Moderate
07-03-2004,23:00:00,0.5,1249,-200,31.9,916,-200,878,60,1343,950,26.4,55.1,1.309,Low
08-03-2004,00:00:00,1.0,894,-200,13.2,1189,150,767,60,1505,1578,27.5,49.5,0.8773,Moderate
08-03-2004,01:00:00,0.5,1277,120,14.4,896,150,766,100,1635,1275,22.0,83.1,1.0077,Low
08-03-2004,02:00:00,0.5,1482,120,31.9,937,-200,687,60,1590,998,2.7,27.6,0.3188,Low
08-03-2004,03:00:00,0.5,1561,120,19.5,906,100,777,-200,1638,1459,32.7,15.7,0.7624,High
08-03-2004,04:00:00,1.0,989,120,6.5,1027,150,862,100,627,1653,24.6,20.5,0.4955,Low
08-03-2004,05:00:00,-200.0,1510,150,14.2,950,150,993,60,987,996,3.1,31.8,0.5305,Moderate
08-03-2004,06:00:00,-200.0,1283,120,25.8,1110,100,412,100,1432,1676,29.0,17.5,0.8553,High
08-03-2004,07:00:00,0.5,1532,-200,7.7,1124,-200,935,-200,849,1663,8.6,52.7,1.2562,High
08-03-2004,08:00:00,1.0,1335,-200,21.5,1091,100,567,-200,697,1199,21.1,38.6,1.1669,Low
08-03-2004,09:00:00,0.5,1555,150,24.9,1193,150,669,60,1662,814,17.4,28.5,0.9683,Low
08-03-2004,10:00:00,1.0,1222,120,13.3,608,100,469,-200,1661,1506,15.9,71.3,0.9012,High
08-03-2004,11:00:00,0.5,1439,-200,24.9,1096,-200,717,100,778,700,31.4,30.3,0.7555,Moderate
08-03-2004,12:00:00,1.0,1404,150,31.2,1159,150,775,60,1491,1252,16.4,66.6,1.4645,Low
08-03-2004,13:00:00,1.0,932,-200,17.6,1160,-200,488,100,1349,1384,4.5,41.2,0.9283,High
08-03-2004,14:00:00,-200.0,854,150,14.6,1039,-200,656,100,1052,1299,33.2,53.4,0.5302,Moderate
08-03-2004,15:00:00,0.5,1309,150,10.3,1151,100,616,100,696,1181,32.4,85.0,0.4991,Low
08-03-2004,16:00:00,-200.0,1469,120,21.9,707,100,849,-200,908,1309,24.6,17.8,0.9948,High
08-03-2004,17:00:00,-200.0,1340,150,31.0,844,-200,943,100,861,1299,17.4,52.5,0.8797,High
08-03-2004,18:00:00,1.0,1209,-200,12.7,854,-200,540,-200,892,1462,5.1,79.1,0.21,Low
08-03-2004,19:00:00,0.5,1010,-200,15.1,632,150,560,100,848,1209,28.1,59.1,1.2791,Moderate
08-03-2004,20:00:00,1.0,1465,120,15.4,622,-200,431,-200,844,1034,4.5,35.8,1.1154,Moderate
08-03-2004,21:00:00,1.0,1092,120,20.5,1165,-200,551,-200,850,1164,4.3,44.8,1.0604,High
08-03-2004,22:00:00,1.0,1533,150,9.5,648,100,659,-200,722,840,19.7,66.0,0.2894,Moderate
08-03-2004,23:00:00,0.5,914,120,29.1,1061,-200,678,100,924,1282,7.3,81.8,0.6707,High
09-03-2004,00:00:00,0.5,1469,-200,11.8,1189,-200,684,100,1585,836,2.3,18.1,1.416,Low
09-03-2004,01:00:00,1.0,1058,-200,25.3,935,100,941,-200,1100,1658,16.0,20.4,1.3214,Moderate
09-03-2004,02:00:00,0.5,1562,120,18.9,957,150,547,100,1286,1310,6.5,39.4,0.5712,Low
09-03-2004,03:00:00,1.0,921,120,21.3,721,100,466,-200,1689,1362,7.3,32.5,0.4042,High
09-03-2004,04:00:00,0.5,1098,120,7.9,1043,100,969,100,1435,1649,4.5,34.9,0.7838,Low
09-03-2004,05:00:00,0.5,1574,150,26.3,958,-200,678,-200,658,1386,8.8,31.6,0.6626,Moderate
09-03-2004,06:00:00,-200.0,1180,150,8.2,945,-200,842,-200,1330,866,25.6,29.7,1.0869,Low
09-03-2004,07:00:00,1.0,1360,-200,5.7,792,150,798,60,865,1042,28.7,24.8,1.4564,Moderate
09-03-2004,08:00:00,-200.0,1300,150,20.0,1015,-200,527,100,835,1109,16.9,85.0,0.6719,Moderate
09-03-2004,09:00:00,-200.0,1096,150,25.4,976,150,736,100,1497,1468,18.7,25.8,0.2809,Moderate
09-03-2004,10:00:00,1.0,1161,150,3.7,1062,150,881,60,817,1609,3.1,30.3,1.3669,Moderate
09-03-2004,11:00:00,1.0,1388,150,4.3,745,150,585,-200,1574,1435,4.3,33.5,0.2493,Moderate
09-03-2004,12:00:00,0.5,1262,-200,28.5,1077,150,568,-200,1188,1579,10.5,85.0,1.4386,High
09-03-2004,13:00:00,1.0,1237,120,28.7,1007,-200,659,60,1516,1541,19.9,71.7,1.064,Low
09-03-2004,14:00:00,-200.0,926,-200,10.1,885,100,957,60,1517,764,26.4,74.2,1.4242,High
09-03-2004,15:00:00,-200.0,996,150,22.3,710,100,906,-200,952,1280,22.0,22.9,0.4596,Low
09-03-2004,16:00:00,1.0,1020,120,16.6,649,-200,920,100,690,766,14.9,77.7,0.2529,Low
09-03-2004,17:00:00,-200.0,890,120,22.9,613,-200,870,60,1301,1132,5.9,45.6,0.8347,Low
09-03-2004,18:00:00,0.5,1210,120,30.5,733,150,560,60,672,749,27.8,34.7,0.7858,High
09-03-2004,19:00:00,-200.0,807,-200,4.6,1187,-200,688,60,1284,1013,14.0,58.2,0.6309,Moderate
09-03-2004,20:00:00,0.5,1343,120,27.7,1195,100,739,60,1321,1008,26.3,76.7,1.445,Moderate
09-03-2004,21:00:00,-200.0,1267,-200,18.3,942,-200,901,60,1557,1302,18.9,73.4,1.2694,High
09-03-2004,22:00:00,0.5,1119,-200,20.6,885,-200,505,60,1655,814,26.4,81.7,1.0601,Moderate
09-03-2004,23:00:00,0.5,1193,150,23.6,913,150,874,-200,1247,1585,31.9,84.6,0.4117,Low
10-03-2004,00:00:00,1.0,1068,150,32.4,896,150,999,-200,1359,1268,32.4,32.9,1.1546,Moderate
10-03-2004,01:00:00,0.5,990,120,3.9,1168,150,862,60,1470,1041,19.7,46.8,1.1451,Moderate
10-03-2004,02:00:00,1.0,1474,120,3.0,763,150,882,-200,742,1229,18.9,16.1,0.7526,Moderate
10-03-2004,03:00:00,-200.0,860,150,7.9,1096,100,552,100,1548,1483,10.8,80.9,1.4022,Low
10-03-2004,04:00:00,-200.0,1237,-200,34.6,615,-200,548,100,643,1341,32.9,26.6,0.4171,Moderate
10-03-2004,05:00:00,-200.0,1063,-200,25.6,943,-200,587,60,631,1194,17.1,79.6,0.5475,Moderate
10-03-2004,06:00:00,0.5,1596,150,22.3,677,150,530,100,627,968,6.2,39.7,0.2822,Moderate
10-03-2004,07:00:00,-200.0,894,-200,3.6,945,100,851,100,1619,1640,16.3,42.6,1.2341,High
10-03-2004,08:00:00,-200.0,1352,150,31.0,671,100,915,-200,1022,779,6.2,17.9,1.0083,High
10-03-2004,09:00:00,1.0,1269,150,28.8,869,-200,890,-200,1090,1155,18.6,39.5,0.6094,Moderate
10-03-2004,10:00:00,1.0,1460,120,23.9,886,150,875,-200,759,998,20.5,81.6,0.413,High
10-03-2004,11:00:00,-200.0,1515,120,13.2,665,-200,662,-200,1444,1667,13.1,16.9,0.2522,High
10-03-2004,12:00:00,-200.0,1578,150,4.3,667,-200,937,100,617,1521,4.4,45.5,0.4168,Low
10-03-2004,13:00:00,0.5,1313,120,21.1,792,100,858,60,1271,901,33.1,17.4,0.7893,High
10-03-2004,14:00:00,0.5,1489,150,25.7,654,100,935,-200,831,1202,27.5,42.8,0.5213,High
10-03-2004,15:00:00,-200.0,993,-200,5.1,978,-200,694,100,1023,1436,29.7,27.9,0.5367,Moderate
10-03-2004,16:00:00,1.0,1281,-200,22.9,767,150,834,-200,1503,1370,14.1,33.9,1.3382,Low
10-03-2004,17:00:00,-200.0,1135,-200,11.5,1008,150,674,100,1354,1415,27.1,80.8,0.8697,Low
10-03-2004,18:00:00,0.5,1234,-200,27.2,1107,-200,987,-200,1436,1348,18.0,47.7,1.148,Low
10-03-2004,19:00:00,1.0,995,150,19.8,1136,-200,707,60,1493,1184,8.6,35.5,0.2464,High
10-03-2004,20:00:00,1.0,1048,-200,6.3,701,150,775,-200,838,1284,6.1,59.2,0.6747,Moderate
10-03-2004,21:00:00,0.5,1297,-200,19.4,1021,150,557,60,748,1259,13.4,25.7,0.8229,Low
10-03-2004,22:00:00,-200.0,1011,-200,15.1,1077,150,603,-200,1222,717,6.5,34.5,0.4423,Low
10-03-2004,23:00:00,-200.0,1464,-200,8.0,719,-200,474,-200,616,1177,34.9,56.0,0.3562,High
11-03-2004,00:00:00,-200.0,1469,150,29.8,890,100,779,-200,1513,1691,3.6,32.8,1.3314,Low
11-03-2004,01:00:00,0.5,1265,-200,2.4,1087,150,703,100,825,1187,16.6,65.9,1.4213,Moderate
11-03-2004,02:00:00,1.0,1450,120,12.3,760,150,461,100,1251,1682,16.9,51.9,0.3024,Low
11-03-2004,03:00:00,0.5,1020,120,2.4,677,150,969,60,859,1478,11.9,72.9,0.6537,Moderate
11-03-2004,04:00:00,-200.0,1072,120,5.2,637,-200,507,60,1273,1145,20.9,86.1,1.4458,Moderate
11-03-2004,05:00:00,0.5,953,120,11.8,993,100,586,100,773,1039,6.9,23.7,0.3081,Moderate
11-03-2004,06:00:00,1.0,1048,120,3.8,1040,100,628,60,804,1230,27.9,40.1,1.0367,High
11-03-2004,07:00:00,0.5,1078,120,21.7,1139,150,447,60,1014,1311,13.0,39.0,1.4639,High
11-03-2004,08:00:00,-200.0,1239,150,4.9,1061,-200,667,100,1391,815,21.5,26.3,1.4717,Moderate
11-03-2004,09:00:00,1.0,1075,120,25.2,893,100,653,100,1688,1557,25.6,75.8,0.8126,Moderate
11-03-2004,10:00:00,0.5,1313,-200,3.7,999,-200,486,100,1117,773,31.3,72.0,0.4116,Low
11-03-2004,11:00:00,0.5,887,120,4.0,691,100,580,100,1690,1491,29.6,51.3,0.4627,Low
11-03-2004,12:00:00,1.0,1598,150,12.1,605,150,424,-200,1578,968,22.1,55.3,1.3565,Low
11-03-2004,13:00:00,1.0,1441,120,31.6,870,-200,787,100,1609,1336,14.8,19.5,1.3852,High
11-03-2004,14:00:00,-200.0,1304,-200,23.2,1158,150,621,60,1189,815,18.6,56.7,0.9902,Low
11-03-2004,15:00:00,1.0,1389,-200,27.4,698,100,796,-200,666,1385,27.4,74.4,1.196,Moderate
11-03-2004,16:00:00,-200.0,1571,150,6.7,1125,100,910,-200,1283,1392,31.0,58.0,1.1619,Moderate
11-03-2004,17:00:00,0.5,1040,150,29.5,793,150,960,60,662,1437,5.4,34.9,1.0604,High
11-03-2004,18:00:00,-200.0,1452,150,2.3,756,100,839,-200,1413,1368,14.7,65.1,1.2755,High
11-03-2004,19:00:00,0.5,1539,150,9.0,714,150,574,60,1002,863,27.6,42.1,1.091,Low
11-03-2004,20:00:00,1.0,1474,120,22.3,995,150,710,-200,791,1282,16.2,55.9,0.8942,High
11-03-2004,21:00:00,0.5,1035,120,14.4,1121,150,673,-200,670,921,13.0,51.6,0.508,Moderate
11-03-2004,22:00:00,1.0,927,-200,34.5,813,100,434,60,1477,825,15.6,43.6,1.1671,Moderate
11-03-2004,23:00:00,0.5,1302,150,3.0,1132,-200,616,60,1340,1356,21.9,68.9,0.8155,High
12-03-2004,00:00:00,0.5,999,150,35.0,614,150,807,60,1545,875,35.0,81.3,0.5832,Moderate
12-03-2004,01:00:00,0.5,1342,120,22.6,1018,-200,918,60,1686,1672,18.3,15.4,1.2425,High
12-03-2004,02:00:00,0.5,1301,150,20.4,967,100,668,100,844,1363,8.9,85.0,1.1057,Moderate
12-03-2004,03:00:00,-200.0,1449,-200,4.0,812,100,874,100,1118,1393,7.4,53.4,1.4185,Low
12-03-2004,04:00:00,0.5,1291,-200,11.0,604,-200,724,60,992,1074,3.4,67.6,0.4151,High
12-03-2004,05:00:00,-200.0,820,150,32.5,830,150,755,100,1371,1690,20.4,79.2,1.0439,High
12-03-2004,06:00:00,1.0,1033,-200,13.7,800,100,489,60,1510,1558,20.0,50.0,0.5175,High
12-03-2004,07:00:00,1.0,1513,-200,23.8,1001,150,441,60,783,1197,8.8,77.6,1.3747,Moderate
12-03-2004,08:00:00,-200.0,1590,120,35.0,748,150,764,-200,846,784,24.9,28.3,0.3293,Low
12-03-2004,09:00:00,1.0,1442,-200,10.7,1183,-200,601,60,923,1575,26.5,26.9,1.053,High
12-03-2004,10:00:00,1.0,1215,150,21.0,1091,100,765,60,759,1082,10.6,64.3,1.2284,Moderate
12-03-2004,11:00:00,0.5,947,150,25.0,825,-200,687,60,1305,1332,13.4,80.3,0.6614,High
12-03-2004,12:00:00,0.5,828,-200,7.4,1185,100,880,60,1221,1340,34.7,81.9,1.4404,Moderate
12-03-2004,13:00:00,0.5,1160,150,6.9,768,-200,900,-200,1524,1162,14.4,63.3,1.3059,Low
12-03-2004,14:00:00,-200.0,1107,120,17.1,751,100,451,60,665,1150,27.1,54.4,0.583,Moderate
12-03-2004,15:00:00,-200.0,961,-200,14.7,823,100,502,-200,1529,1217,16.9,39.9,0.2098,Moderate
12-03-2004,16:00:00,1.0,860,-200,25.6,1103,100,760,60,853,1545,28.2,88.5,0.5857,High
12-03-2004,17:00:00,0.5,924,-200,4.3,1149,150,823,-200,882,1394,27.4,39.0,0.5657,Moderate
12-03-2004,18:00:00,-200.0,1255,150,34.1,643,150,604,100,1683,1249,24.0,70.8,1.357,High
12-03-2004,19:00:00,-200.0,870,150,2.5,1103,-200,413,-200,717,1628,30.2,54.9,1.4573,Moderate
12-03-2004,20:00:00,0.5,1265,-200,21.8,840,-200,869,-200,1022,815,33.0,60.6,0.2916,Low
12-03-2004,21:00:00,-200.0,1042,150,20.6,950,100,865,60,1155,1313,21.1,44.5,0.8127,Moderate
12-03-2004,22:00:00,0.5,1289,150,6.4,622,100,703,-200,635,707,9.8,87.4,0.9128,High
12-03-2004,23:00:00,1.0,1560,-200,7.0,1197,150,826,-200,1130,917,15.2,57.9,0.3208,Moderate
13-03-2004,00:00:00,1.0,1020,-200,28.2,642,150,509,60,690,1418,27.0,85.3,0.6907,Moderate
13-03-2004,01:00:00,1.0,1272,150,31.3,1065,150,964,100,697,1289,23.5,15.6,0.6122,Low
13-03-2004,02:00:00,0.5,1332,-200,11.3,639,-200,914,100,1130,1579,7.9,58.0,0.8969,High
13-03-2004,03:00:00,-200.0,1293,-200,16.5,902,150,467,100,1137,1103,3.7,68.8,1.0595,Low
13-03-2004,04:00:00,1.0,881,-200,13.7,774,-200,645,-200,1651,1266,24.5,70.9,1.1145,Moderate
13-03-2004,05:00:00,1.0,1321,-200,4.4,1131,150,788,60,679,1003,10.3,82.9,0.3778,Low
13-03-2004,06:00:00,1.0,811,150,24.2,1060,150,707,100,1162,1166,18.5,15.3,1.2568,Moderate
13-03-2004,07:00:00,-200.0,1062,-200,29.2,792,100,751,100,1213,1651,26.6,15.0,1.0821,Moderate
13-03-2004,08:00:00,-200.0,1456,120,12.1,843,-200,465,100,775,1692,20.6,50.4,1.3558,Low
13-03-2004,09:00:00,0.5,1248,-200,34.7,879,150,859,100,1121,1439,4.7,17.2,0.7841,Low
13-03-2004,10:00:00,1.0,991,120,4.5,635,100,746,60,1022,787,8.1,88.1,1.3621,Moderate
13-03-2004,11:00:00,-200.0,1561,-200,23.8,1156,-200,724,100,1175,709,9.2,31.7,1.3255,Low
13-03-2004,12:00:00,0.5,913,120,16.8,1139,-200,998,-200,1130,1007,10.5,50.4,0.7699,Low
13-03-2004,13:00:00,1.0,825,120,16.7,753,150,432,-200,931,1133,20.7,19.6,0.6955,Moderate
13-03-2004,14:00:00,-200.0,1582,-200,17.1,622,-200,467,60,1252,1501,18.6,54.2,1.4127,High
13-03-2004,15:00:00,-200.0,1298,-200,10.5,690,100,586,100,1339,863,8.7,43.5,1.1297,Low
13-03-2004,16:00:00,0.5,1307,-200,25.6,989,100,591,100,1110,938,4.2,18.3,1.4067,Low
13-03-2004,17:00:00,1.0,1344,120,25.8,958,-200,612,-200,641,1016,7.7,40.1,1.2361,High
13-03-2004,18:00:00,1.0,861,150,11.3,1149,100,999,60,1484,1695,34.5,44.4,0.9921,Low
13-03-2004,19:00:00,-200.0,1028,150,29.6,827,-200,827,-200,680,1355,17.5,89.2,0.3506,Moderate
13-03-2004,20:00:00,1.0,1406,-200,12.5,801,100,750,60,1001,1034,30.6,30.6,0.5789,Low
13-03-2004,21:00:00,0.5,834,150,25.9,949,-200,507,60,706,717,30.0,55.9,1.4595,Moderate
13-03-2004,22:00:00,-200.0,1504,150,6.0,637,-200,639,60,1105,770,18.9,89.0,0.6152,High
13-03-2004,23:00:00,-200.0,1255,-200,7.6,1099,-200,615,-200,1319,874,25.3,74.4,0.3212,High
14-03-2004,00:00:00,0.5,1387,120,12.4,642,100,576,60,856,1553,8.4,89.5,1.1198,High
14-03-2004,01:00:00,-200.0,1301,-200,21.6,1116,-200,964,-200,1553,1499,24.7,87.6,1.1542,Low
14-03-2004,02:00:00,1.0,1560,150,23.3,667,-200,729,-200,1532,1510,11.0,51.7,0.5711,High
14-03-2004,03:00:00,1.0,1394,120,15.1,722,150,960,100,1671,1038,29.5,67.2,0.587,Low
14-03-2004,04:00:00,-200.0,824,150,4.6,935,150,849,-200,1496,1635,4.8,23.3,0.8096,Low
14-03-2004,05:00:00,0.5,1368,120,14.3,752,-200,846,-200,618,947,27.5,48.1,0.2283,Low
14-03-2004,06:00:00,0.5,831,150,24.7,761,150,936,100,1669,892,5.3,75.7,1.2261,High
14-03-2004,07:00:00,1.0,811,-200,24.1,813,-200,578,100,1050,1118,31.1,52.9,0.6122,High
14-03-2004,08:00:00,0.5,1118,150,7.3,975,150,794,100,1497,1024,12.0,67.7,1.3099,Low
14-03-2004,09:00:00,-200.0,1403,150,2.3,1042,100,544,60,1679,1005,23.6,70.9,1.2434,High
14-03-2004,10:00:00,-200.0,800,120,26.8,1022,100,597,60,1340,1479,18.1,34.0,1.0598,Low
14-03-2004,11:00:00,1.0,1234,150,5.5,1137,-200,483,100,681,903,14.1,80.7,0.6223,High
14-03-2004,12:00:00,1.0,935,-200,4.7,829,-200,484,60,1336,1552,23.3,49.5,0.8712,Moderate
14-03-2004,13:00:00,1.0,995,-200,2.1,658,100,856,100,678,822,33.3,30.8,0.7783,High
14-03-2004,14:00:00,0.5,932,-200,16.3,695,100,875,60,882,1269,3.4,79.9,0.6405,High
14-03-2004,15:00:00,-200.0,885,120,18.6,861,150,652,-200,1596,1550,32.3,46.3,1.3026,High
14-03-2004,16:00:00,-200.0,1275,120,23.0,953,-200,471,60,759,1146,22.1,71.3,0.8286,Low
14-03-2004,17:00:00,-200.0,1590,150,11.8,911,100,622,60,1487,1412,28.6,56.1,1.2825,Low
14-03-2004,18:00:00,1.0,1123,150,25.4,735,100,675,-200,1067,1190,14.7,43.6,0.3368,Moderate
14-03-2004,19:00:00,-200.0,979,150,7.6,1072,-200,645,100,1452,1132,17.6,75.7,0.3833,Moderate
14-03-2004,20:00:00,0.5,1315,120,29.5,1029,150,740,60,1061,1323,30.7,58.8,1.4705,Moderate
14-03-2004,21:00:00,0.5,1437,120,20.9,1136,150,972,60,1453,827,15.7,44.3,0.9641,Low
14-03-2004,22:00:00,-200.0,974,150,21.3,745,150,870,-200,716,1247,19.6,23.2,0.8627,Moderate
14-03-2004,23:00:00,1.0,1562,120,8.9,1123,150,853,-200,963,1445,2.7,82.2,0.8801,Moderate
15-03-2004,00:00:00,-200.0,820,120,4.4,686,100,406,-200,1065,1521,7.2,17.7,0.4798,High
15-03-2004,01:00:00,0.5,904,-200,17.3,708,-200,587,-200,783,746,23.2,79.7,1.1343,Moderate
15-03-2004,02:00:00,0.5,1377,-200,22.3,1022,-200,403,100,1259,1204,25.7,42.0,0.3102,High
15-03-2004,03:00:00,0.5,1242,150,5.1,944,100,524,60,674,814,21.2,63.0,0.9453,Low
15-03-2004,04:00:00,-200.0,1574,150,33.4,865,100,414,60,1425,1115,6.7,84.2,0.942,Low
15-03-2004,05:00:00,0.5,848,-200,34.4,1185,100,924,60,1102,1466,16.7,26.4,1.3884,High
15-03-2004,06:00:00,1.0,1327,120,20.0,1093,-200,639,60,1394,1694,13.7,57.5,0.884,Moderate
15-03-2004,07:00:00,-200.0,944,150,33.4,932,-200,759,100,1186,922,18.4,72.3,0.3782,Low
15-03-2004,08:00:00,-200.0,1139,150,7.9,1012,-200,917,60,1255,1335,30.7,71.8,0.9446,High
15-03-2004,09:00:00,0.5,1561,150,2.8,790,150,719,100,1299,1648,27.6,54.4,0.3187,Low
15-03-2004,10:00:00,0.5,1153,120,3.3,741,100,630,100,1234,1202,4.8,61.9,0.4649,Low
15-03-2004,11:00:00,1.0,874,-200,21.4,672,100,429,-200,1443,1371,31.4,71.8,0.2404,Moderate
15-03-2004,12:00:00,-200.0,1593,150,4.0,766,100,933,-200,1434,1657,17.6,78.1,0.8673,Low
15-03-2004,13:00:00,0.5,1377,-200,33.6,767,-200,555,60,1363,1632,26.5,72.1,0.3099,High
15-03-2004,14:00:00,1.0,1436,-200,6.7,1165,100,798,100,957,795,6.6,41.6,0.8102,Moderate
15-03-2004,15:00:00,0.5,1118,120,12.1,858,100,745,-200,1291,806,24.1,89.8,1.4128,High
15-03-2004,16:00:00,-200.0,886,120,29.1,1038,150,594,100,1221,1331,9.8,47.6,1.1357,High
15-03-2004,17:00:00,0.5,1352,120,9.2,710,-200,567,-200,1081,1312,16.5,16.8,0.3006,High
15-03-2004,18:00:00,-200.0,1497,120,10.0,1130,100,776,100,1579,1314,2.6,42.2,0.4915,Moderate
15-03-2004,19:00:00,0.5,1577,120,23.2,889,-200,888,60,1577,1377,7.0,24.6,1.0758,Low
15-03-2004,20:00:00,-200.0,1582,120,11.1,1161,-200,761,60,889,1625,5.0,24.1,1.3631,High
15-03-2004,21:00:00,1.0,841,150,9.2,1109,-200,881,100,1351,1397,9.9,36.1,0.2428,Low
15-03-2004,22:00:00,-200.0,892,-200,10.4,774,150,643,-200,622,731,5.3,19.0,1.2562,Low
15-03-2004,23:00:00,1.0,1496,120,18.2,901,-200,980,-200,1405,1192,24.8,66.6,0.9304,High
16-03-2004,00:00:00,-200.0,1526,150,33.9,784,-200,988,60,771,765,3.0,20.5,0.9099,Low
16-03-2004,01:00:00,1.0,1306,-200,29.5,938,-200,570,60,1434,878,22.4,30.2,1.4452,Moderate
16-03-2004,02:00:00,0.5,1328,120,11.4,1109,100,912,60,917,1478,6.6,22.0,1.1719,Moderate
16-03-2004,03:00:00,-200.0,1064,120,14.0,909,150,805,-200,1507,1142,33.2,19.7,1.3052,Low
16-03-2004,04:00:00,0.5,1425,150,17.3,1106,100,973,-200,1397,1615,32.8,35.1,0.6602,Low
16-03-2004,05:00:00,1.0,1091,-200,34.3,945,150,606,60,1590,1248,9.4,57.9,0.9207,Moderate
16-03-2004,06:00:00,-200.0,1263,120,7.7,680,150,553,100,1454,900,22.3,87.4,1.0,Low
16-03-2004,07:00:00,-200.0,1359,-200,13.8,973,-200,447,-200,1280,1569,2.9,80.7,0.6181,Low
16-03-2004,08:00:00,0.5,896,150,26.1,755,-200,400,60,1515,748,32.7,80.7,0.9413,Low
16-03-2004,09:00:00,-200.0,894,120,33.8,1031,100,806,100,1629,1486,19.3,28.2,0.5077,Low
16-03-2004,10:00:00,-200.0,1125,-200,7.1,1099,150,506,-200,1442,1650,3.4,34.9,0.3864,High
16-03-2004,11:00:00,0.5,873,150,9.5,746,-200,572,100,1082,1379,13.3,20.7,0.6862,Low
16-03-2004,12:00:00,-200.0,1135,150,9.4,1080,-200,905,100,731,962,4.5,73.4,1.1611,Moderate
16-03-2004,13:00:00,0.5,867,120,2.7,1034,-200,529,-200,1460,832,15.0,20.2,1.391,High
16-03-2004,14:00:00,0.5,1557,-200,21.9,1118,-200,797,60,893,1509,24.1,56.8,0.795,High
16-03-2004,15:00:00,0.5,876,120,24.1,668,100,693,100,1240,1043,17.5,33.6,1.0357,Moderate
16-03-2004,16:00:00,0.5,1007,120,21.9,785,100,951,60,1599,875,14.7,33.3,0.3339,Low
16-03-2004,17:00:00,0.5,1565,-200,4.4,803,-200,846,-200,991,1090,5.9,89.3,1.3758,High
16-03-2004,18:00:00,1.0,1020,-200,4.3,1153,-200,415,100,848,710,10.1,71.8,0.9392,High
16-03-2004,19:00:00,1.0,1061,-200,8.9,612,-200,748,100,1302,900,5.3,77.8,1.2144,Low
16-03-2004,20:00:00,0.5,1209,150,11.6,873,-200,602,100,886,1644,28.6,57.9,1.2328,Low
16-03-2004,21:00:00,1.0,1130,150,28.0,897,-200,533,100,876,1625,6.5,80.3,0.5334,Moderate
16-03-2004,22:00:00,1.0,1143,-200,7.3,650,150,925,100,986,1508,21.6,63.4,0.8879,High
16-03-2004,23:00:00,-200.0,1570,150,3.5,1099,150,907,-200,1049,702,13.3,86.0,1.4486,Low
17-03-2004,00:00:00,0.5,873,120,15.0,968,150,465,100,890,913,9.5,36.1,0.3165,Low
17-03-2004,01:00:00,1.0,1436,-200,15.7,956,150,879,-200,1042,1507,23.1,59.6,1.088,Moderate
17-03-2004,02:00:00,-200.0,1499,120,16.9,602,-200,858,60,1255,1006,17.1,66.8,1.4509,High
17-03-2004,03:00:00,-200.0,1053,-200,29.3,853,150,741,-200,1668,1679,15.2,44.5,0.5908,Low
17-03-2004,04:00:00,0.5,1546,120,5.2,1074,150,558,100,1426,1243,21.6,81.0,1.3199,Moderate
17-03-2004,05:00:00,0.5,1561,-200,25.2,1105,100,560,60,1075,1259,18.2,88.5,1.4138,High
17-03-2004,06:00:00,-200.0,1131,120,13.2,855,150,653,-200,852,1026,12.0,52.0,1.1712,High
17-03-2004,07:00:00,0.5,1197,-200,12.2,749,150,926,-200,888,1463,20.4,44.3,0.5007,High
17-03-2004,08:00:00,0.5,1144,-200,32.8,1087,-200,948,-200,1599,898,24.1,50.4,0.6342,High
17-03-2004,09:00:00,-200.0,1383,150,10.2,878,150,554,100,620,1615,2.9,79.0,0.2466,Moderate
17-03-2004,10:00:00,-200.0,1546,120,23.2,658,150,885,100,915,1300,17.4,63.4,1.2809,Low
17-03-2004,11:00:00,0.5,1467,150,11.1,1045,-200,831,-200,1163,808,3.9,18.4,1.3045,High
17-03-2004,12:00:00,1.0,1254,120,18.7,712,150,426,-200,722,990,8.2,55.7,1.0225,High
17-03-2004,13:00:00,0.5,914,150,27.9,1168,-200,411,60,1473,807,20.5,16.3,0.6583,Low
17-03-2004,14:00:00,1.0,1112,-200,31.1,1088,150,466,100,1559,1107,30.6,73.4,0.2999,High
17-03-2004,15:00:00,-200.0,1027,150,29.7,1006,100,941,100,813,1251,31.1,39.6,1.179,High
17-03-2004,16:00:00,1.0,1044,150,21.2,966,100,495,60,1438,1672,4.3,50.4,1.1445,Low
17-03-2004,17:00:00,-200.0,1325,-200,10.2,659,150,614,-200,1246,751,15.8,74.9,1.3864,Low
17-03-2004,18:00:00,0.5,1327,150,23.8,928,100,593,-200,1567,811,21.2,18.5,1.1497,High
17-03-2004,19:00:00,0.5,1226,-200,25.4,1068,-200,689,60,1329,994,6.9,26.9,1.2773,Low
17-03-2004,20:00:00,-200.0,841,120,2.4,1166,150,943,-200,1199,1279,27.3,44.8,1.1697,Moderate
17-03-2004,21:00:00,-200.0,1264,150,16.5,662,-200,438,-200,1391,888,26.6,32.2,1.0199,Moderate
17-03-2004,22:00:00,-200.0,1421,-200,29.8,783,100,605,60,639,1543,31.8,40.3,0.7551,High
17-03-2004,23:00:00,0.5,1077,-200,18.2,910,-200,954,60,1351,1420,2.3,89.9,1.3728,High
18-03-2004,00:00:00,0.5,818,150,12.3,1137,100,883,60,1542,764,9.2,76.9,1.0463,Low
18-03-2004,01:00:00,1.0,865,120,30.8,776,100,736,-200,1247,1273,29.3,81.3,0.7179,Low
18-03-2004,02:00:00,-200.0,966,150,7.1,1174,100,895,60,781,1164,24.1,85.3,0.3085,High
18-03-2004,03:00:00,1.0,1384,-200,8.8,1028,-200,648,-200,864,957,31.5,40.6,0.5779,High
18-03-2004,04:00:00,0.5,1202,120,24.7,672,100,473,100,1370,1345,3.9,37.3,0.9068,Moderate
18-03-2004,05:00:00,1.0,1208,150,13.6,766,150,772,100,1462,1333,21.7,32.6,0.5583,Low
18-03-2004,06:00:00,1.0,911,-200,25.5,824,100,537,60,1031,1030,20.8,77.3,0.4876,High
18-03-2004,07:00:00,0.5,1073,150,7.2,1176,150,856,-200,1108,1200,3.2,66.0,0.8856,High
18-03-2004,08:00:00,0.5,1206,120,10.3,1180,150,843,-200,1046,1382,18.9,32.7,0.4208,Low
18-03-2004,09:00:00,-200.0,1172,120,7.2,608,150,752,-200,1127,909,22.1,43.3,1.2405,Low
18-03-2004,10:00:00,1.0,1396,120,33.4,835,150,810,60,1474,1507,8.3,53.0,0.8297,High
18-03-2004,11:00:00,0.5,1450,120,15.4,627,-200,937,-200,1268,788,11.0,54.6,0.946,High
18-03-2004,12:00:00,0.5,838,120,13.1,626,150,852,-200,1446,1378,23.1,81.7,0.3916,High
18-03-2004,13:00:00,1.0,904,150,2.5,1149,100,818,-200,669,727,17.5,43.5,0.6219,Low
18-03-2004,14:00:00,0.5,1123,120,7.1,795,150,849,100,1415,937,30.3,83.1,0.7331,High
18-03-2004,15:00:00,-200.0,1592,120,15.9,802,100,984,-200,1638,1035,13.3,48.1,1.2507,High
18-03-2004,16:00:00,-200.0,1213,-200,4.3,684,-200,514,100,1683,762,10.8,71.0,1.2012,High
18-03-2004,17:00:00,1.0,1228,120,18.9,629,150,450,-200,1045,1659,34.5,84.8,0.4899,Moderate
18-03-2004,18:00:00,-200.0,1434,-200,17.0,1065,100,768,-200,1625,1466,32.1,83.1,1.001,Moderate
18-03-2004,19:00:00,0.5,1529,-200,27.3,698,-200,914,-200,618,1607,3.0,19.3,0.5165,Low
18-03-2004,20:00:00,0.5,860,-200,23.8,789,-200,609,100,1160,1252,27.4,30.4,1.4847,High
18-03-2004,21:00:00,0.5,1411,150,16.7,611,100,834,-200,1071,1199,5.6,50.8,1.4378,High
18-03-2004,22:00:00,0.5,1106,150,9.4,629,150,626,60,627,1240,2.9,47.4,0.9322,Low
18-03-2004,23:00:00,1.0,1153,-200,26.0,637,-200,667,-200,1159,1490,11.0,63.1,1.1086,Low
19-03-2004,00:00:00,-200.0,1192,150,25.4,1171,100,515,100,1207,1168,10.9,85.9,1.2419,Low
19-03-2004,01:00:00,-200.0,1003,120,7.1,893,150,999,100,1057,1291,29.0,23.4,1.1373,High
19-03-2004,02:00:00,0.5,1057,150,32.2,959,-200,759,60,1544,750,25.5,48.9,1.1098,Moderate
19-03-2004,03:00:00,1.0,1285,120,4.1,779,100,728,60,1583,811,34.4,29.4,1.4461,Low
19-03-2004,04:00:00,0.5,1316,120,3.8,711,-200,439,60,1467,1572,25.5,82.1,0.9754,High
19-03-2004,05:00:00,0.5,1245,150,8.2,1043,-200,581,100,1615,1000,15.8,87.3,1.0272,Low
19-03-2004,06:00:00,1.0,1508,150,32.0,620,100,889,-200,628,789,25.1,50.9,1.304,High
19-03-2004,07:00:00,1.0,979,-200,19.2,744,-200,608,-200,1268,928,35.0,22.8,1.0709,Low
19-03-2004,08:00:00,0.5,1141,150,28.0,1098,100,672,60,1425,849,25.4,73.9,1.1528,High
19-03-2004,09:00:00,-200.0,932,150,9.5,745,150,518,60,1415,1454,27.1,67.3,0.5044,Low
19-03-2004,10:00:00,0.5,1242,150,18.2,1040,100,781,-200,878,837,33.0,41.6,0.6826,Moderate
19-03-2004,11:00:00,-200.0,1052,120,13.8,1020,150,935,60,882,834,5.8,81.6,0.3915,Low
19-03-2004,12:00:00,-200.0,1064,120,29.3,915,-200,657,-200,1602,1156,25.3,88.2,0.8575,Low
19-03-2004,13:00:00,1.0,892,120,2.7,765,100,882,-200,904,1300,30.1,56.8,0.7924,Moderate
19-03-2004,14:00:00,1.0,1461,-200,10.0,802,100,908,-200,1293,1193,33.5,57.4,1.4963,Low
19-03-2004,15:00:00,0.5,1210,-200,7.0,1095,100,491,-200,708,1226,9.0,37.3,0.9946,Moderate
19-03-2004,16:00:00,-200.0,937,-200,30.4,1067,100,560,100,923,1032,18.6,58.8,1.2224,High
19-03-2004,17:00:00,-200.0,1007,120,17.4,984,150,548,-200,1057,1061,24.5,48.0,0.6342,Moderate
19-03-2004,18:00:00,0.5,1436,150,15.3,913,150,516,60,1081,873,10.2,37.7,1.281,Moderate
19-03-2004,19:00:00,0.5,1545,-200,16.8,854,-200,857,60,1521,1301,21.8,20.0,0.9996,High
19-03-2004,20:00:00,0.5,1372,-200,34.1,622,-200,964,60,1119,912,10.5,34.0,1.1061,Moderate
19-03-2004,21:00:00,1.0,1106,120,30.1,938,-200,444,60,1676,1042,13.0,29.8,0.5828,Moderate
19-03-2004,22:00:00,0.5,1065,-200,25.3,1092,-200,633,100,990,760,16.6,55.7,0.9132,High
19-03-2004,23:00:00,0.5,1445,150,11.6,1110,100,774,-200,1370,1575,19.5,60.1,1.0242,Low
20-03-2004,00:00:00,-200.0,1117,120,7.5,965,150,946,-200,1512,1431,16.8,60.6,0.9658,Low
20-03-2004,01:00:00,0.5,912,120,32.4,971,150,596,60,685,760,18.3,44.1,1.3898,Moderate
20-03-2004,02:00:00,-200.0,1177,150,16.0,1198,150,424,60,1157,1518,11.9,46.6,1.3678,Low
20-03-2004,03:00:00,-200.0,1253,150,11.2,818,150,794,60,1457,1377,7.2,77.6,1.4623,Low
20-03-2004,04:00:00,1.0,990,150,17.5,1074,-200,435,-200,1265,1223,3.6,50.7,1.0677,Moderate
20-03-2004,05:00:00,0.5,1239,-200,32.3,1022,100,873,100,1442,915,8.5,89.1,1.4635,High
20-03-2004,06:00:00,0.5,986,150,14.8,955,150,622,100,894,1288,21.2,48.0,1.2822,Low
20-03-2004,07:00:00,-200.0,1166,120,20.6,1059,100,929,100,868,1443,27.9,63.7,0.5521,Moderate
20-03-2004,08:00:00,1.0,888,150,28.5,1102,100,587,100,1244,1323,7.6,18.8,0.7557,High
20-03-2004,09:00:00,1.0,986,120,16.1,626,100,801,60,1134,1277,5.6,64.0,0.5099,Low
20-03-2004,10:00:00,0.5,931,120,9.7,822,100,656,-200,687,1393,26.7,78.9,0.2055,High
20-03-2004,11:00:00,-200.0,1434,-200,34.8,747,150,535,60,1524,1122,12.1,85.7,0.4445,Moderate
20-03-2004,12:00:00,0.5,1359,150,33.6,1023,150,990,100,710,1415,33.4,89.8,0.2053,High
20-03-2004,13:00:00,0.5,1599,-200,29.8,950,150,843,60,1183,1122,25.6,36.2,1.1358,High
20-03-2004,14:00:00,0.5,1175,150,24.7,785,-200,817,100,1368,1070,12.8,58.2,0.7532,Moderate
20-03-2004,15:00:00,0.5,1490,150,11.7,1014,150,691,-200,837,905,11.6,48.8,0.6063,Low
20-03-2004,16:00:00,-200.0,1491,150,32.1,1028,-200,973,100,933,985,19.3,57.3,1.1902,Low
20-03-2004,17:00:00,1.0,898,150,11.1,640,-200,528,60,705,804,4.6,26.8,1.2822,High
20-03-2004,18:00:00,0.5,833,150,28.4,992,-200,740,-200,981,1453,5.9,79.2,1.4679,High
20-03-2004,19:00:00,0.5,1381,120,32.3,678,150,656,100,1288,1446,7.8,83.2,1.0346,High
20-03-2004,20:00:00,0.5,970,120,21.9,1143,150,965,100,860,1387,27.6,48.7,0.8,High
20-03-2004,21:00:00,0.5,1165,150,28.5,1049,150,499,-200,1254,1422,19.0,36.0,0.5968,Low
20-03-2004,22:00:00,1.0,1583,120,28.1,1073,-200,438,60,1419,1242,2.3,25.6,0.489,Moderate
20-03-2004,23:00:00,1.0,858,-200,8.4,741,-200,662,-200,1308,1446,24.2,66.3,0.4768,Moderate
21-03-2004,00:00:00,1.0,980,-200,24.0,850,100,549,60,1075,941,16.0,38.4,0.7319,Moderate
21-03-2004,01:00:00,1.0,818,-200,5.1,893,-200,729,100,1506,1190,18.9,83.2,1.4893,High
21-03-2004,02:00:00,0.5,1025,150,18.8,735,-200,519,100,1154,1364,9.1,65.3,0.2011,High
21-03-2004,03:00:00,-200.0,1272,150,7.4,1083,150,983,-200,1262,1407,20.2,63.4,0.4564,Moderate
21-03-2004,04:00:00,1.0,894,120,15.7,911,100,618,100,1174,1197,34.3,57.0,0.4449,Low
21-03-2004,05:00:00,1.0,1096,120,29.5,1154,100,522,-200,1241,1134,4.4,18.4,1.1323,Moderate
21-03-2004,06:00:00,0.5,1392,120,34.6,645,100,643,100,1062,1480,11.4,84.9,0.6582,Low
21-03-2004,07:00:00,0.5,974,-200,12.5,835,150,986,100,1454,1183,10.0,62.1,0.7944,High
21-03-2004,08:00:00,0.5,1021,-200,19.6,647,100,917,60,1184,1146,10.2,89.6,0.3932,Moderate
21-03-2004,09:00:00,0.5,1414,-200,18.9,797,100,420,-200,1542,1083,14.5,55.3,0.7265,Moderate
21-03-2004,10:00:00,-200.0,853,-200,33.5,683,150,589,-200,1215,1209,29.0,68.3,0.3342,High
21-03-2004,11:00:00,-200.0,1494,120,17.8,1142,100,624,100,757,869,32.1,19.2,0.893,Low
21-03-2004,12:00:00,1.0,1202,150,25.1,760,-200,865,60,871,1649,8.7,62.4,0.3273,Moderate
21-03-2004,13:00:00,-200.0,1117,150,32.4,1027,-200,498,60,1269,1568,19.9,72.3,1.2277,Moderate
21-03-2004,14:00:00,1.0,1148,-200,14.3,670,-200,762,-200,1220,1022,23.0,73.4,0.9366,Low
21-03-2004,15:00:00,1.0,1242,150,31.8,1119,-200,482,-200,1120,1547,19.2,72.8,1.1412,Moderate
21-03-2004,16:00:00,-200.0,1379,150,32.3,651,-200,455,100,658,1173,16.3,32.0,0.7441,Moderate
21-03-2004,17:00:00,1.0,1339,150,32.7,644,-200,421,-200,1303,931,8.3,88.2,0.6959,High
21-03-2004,18:00:00,0.5,1585,-200,10.9,892,-200,979,100,1247,1395,18.1,89.6,0.3277,Low
21-03-2004,19:00:00,1.0,1081,120,15.2,1064,-200,584,60,1490,1058,15.2,20.7,0.881,Moderate
21-03-2004,20:00:00,0.5,1159,120,30.7,1149,-200,921,-200,1035,974,28.3,85.2,0.8689,Moderate
21-03-2004,21:00:00,-200.0,1430,150,13.9,979,150,977,60,745,1641,27.2,36.7,0.8085,High
21-03-2004,22:00:00,-200.0,1445,120,21.8,1077,150,663,60,1458,1610,6.4,66.7,1.1627,Moderate
21-03-2004,23:00:00,1.0,1440,120,5.9,861,-200,624,100,1577,731,4.9,40.4,1.2823,High
22-03-2004,00:00:00,0.5,807,-200,3.9,1179,150,437,60,844,876,32.0,87.6,1.176,Moderate
22-03-2004,01:00:00,1.0,1362,-200,15.6,778,150,522,100,900,1616,19.7,22.6,0.387,High
22-03-2004,02:00:00,-200.0,1290,150,21.1,956,-200,555,100,1037,764,30.3,52.3,1.0087,Low
22-03-2004,03:00:00,1.0,1140,150,15.0,1018,-200,700,60,1467,1409,3.9,47.1,0.3044,Low
22-03-2004,04:00:00,1.0,1271,150,21.1,800,150,466,60,699,726,19.4,39.5,1.103,Moderate
22-03-2004,05:00:00,0.5,1592,-200,19.0,612,-200,793,100,1324,1362,19.8,63.4,0.6964,Moderate
22-03-2004,06:00:00,-200.0,1486,120,24.6,1042,-200,993,100,1413,1514,30.4,24.8,0.3722,High
22-03-2004,07:00:00,1.0,1494,-200,23.4,885,-200,969,60,1079,1178,5.2,68.7,1.3207,High
22-03-2004,08:00:00,0.5,1503,-200,16.0,857,-200,804,100,1014,967,9.9,88.5,0.9982,Low
22-03-2004,09:00:00,1.0,1048,120,16.0,1169,150,848,100,764,1296,15.4,75.3,0.6611,Moderate
22-03-2004,10:00:00,0.5,1034,120,6.6,1147,100,530,-200,1573,765,30.6,79.5,0.2399,High
22-03-2004,11:00:00,0.5,882,150,18.9,1089,150,468,-200,687,832,33.0,42.0,0.8985,Low
22-03-2004,12:00:00,1.0,892,120,21.4,1097,100,744,-200,1172,1604,34.8,39.4,1.4002,Low
22-03-2004,13:00:00,-200.0,1193,120,17.7,932,100,719,-200,1413,1615,33.7,53.8,0.9753,High
22-03-2004,14:00:00,-200.0,1067,120,12.7,1161,100,576,-200,778,1065,2.2,18.4,1.4631,Moderate
22-03-2004,15:00:00,0.5,1216,120,25.8,631,150,983,100,762,781,3.6,85.9,0.3774,Low
22-03-2004,16:00:00,-200.0,1431,150,4.5,642,150,928,100,1192,1592,6.9,25.8,0.9388,High
22-03-2004,17:00:00,0.5,1382,150,32.2,950,150,559,-200,1605,1530,13.5,82.7,1.2376,Low
22-03-2004,18:00:00,-200.0,1328,120,2.7,933,150,981,60,900,1681,29.4,21.3,0.8832,Moderate
22-03-2004,19:00:00,1.0,1052,120,33.8,1158,150,932,-200,973,1027,31.5,76.7,0.3184,High
22-03-2004,20:00:00,-200.0,921,150,17.3,869,100,534,60,1307,797,8.2,26.4,0.9578,Moderate
22-03-2004,21:00:00,0.5,809,150,15.6,1012,150,510,100,802,1284,22.4,17.9,0.9953,Moderate
22-03-2004,22:00:00,0.5,1598,120,10.5,1174,100,682,60,646,1026,32.3,69.0,1.1473,Low
22-03-2004,23:00:00,-200.0,1115,-200,2.3,618,150,919,100,1062,1241,17.3,36.0,1.1896,Moderate
23-03-2004,00:00:00,1.0,1072,150,11.1,946,150,593,60,1007,824,5.4,68.6,1.202,Low
23-03-2004,01:00:00,0.5,1105,150,5.6,636,-200,446,100,1026,909,17.1,56.6,1.0625,High
23-03-2004,02:00:00,0.5,1009,150,23.8,691,100,741,100,1529,1686,14.4,23.2,0.4806,High
23-03-2004,03:00:00,0.5,1529,120,12.5,784,150,641,-200,916,1483,21.1,84.9,0.7255,Low
23-03-2004,04:00:00,0.5,1552,120,27.3,627,150,921,100,1020,1424,16.5,48.9,1.209,Low
23-03-2004,05:00:00,0.5,1263,150,8.8,1147,150,769,-200,862,832,2.6,70.1,1.4395,Low
23-03-2004,06:00:00,1.0,1511,120,31.7,971,-200,530,-200,765,1202,34.8,52.6,0.3026,Moderate
23-03-2004,07:00:00,-200.0,1527,120,19.3,1129,100,669,-200,1027,856,19.9,60.3,0.8962,High
23-03-2004,08:00:00,1.0,1516,150,5.8,944,150,460,60,996,1258,17.6,37.7,0.6063,High
23-03-2004,09:00:00,1.0,1215,120,15.2,1018,150,563,60,1395,1568,33.5,30.0,0.493,Moderate
23-03-2004,10:00:00,0.5,1015,-200,8.8,795,150,924,100,706,1574,7.1,55.7,0.8576,Low
23-03-2004,11:00:00,1.0,879,120,8.6,677,-200,671,-200,697,1081,8.2,48.0,0.9879,High
23-03-2004,12:00:00,0.5,1578,120,18.7,766,150,532,-200,642,721,28.7,44.3,0.2127,Moderate
23-03-2004,13:00:00,1.0,1279,150,24.2,689,100,643,100,841,1673,10.6,65.4,1.2143,Low
23-03-2004,14:00:00,0.5,1346,150,32.1,863,100,833,-200,694,1652,28.4,66.8,1.2658,High
23-03-2004,15:00:00,0.5,817,-200,18.6,1071,100,437,100,787,1294,11.0,18.4,1.4552,Low
23-03-2004,16:00:00,1.0,964,120,33.9,807,100,967,-200,984,1118,3.1,40.4,0.4348,Moderate
23-03-2004,17:00:00,1.0,1324,-200,33.1,870,150,718,60,1418,1171,19.1,45.9,0.9729,High
23-03-2004,18:00:00,-200.0,1001,-200,30.5,862,-200,909,100,686,933,8.5,22.3,0.7546,Low
23-03-2004,19:00:00,-200.0,1540,150,18.5,1105,-200,775,100,1088,1271,27.0,32.7,0.6353,Low
23-03-2004,20:00:00,-200.0,1145,120,6.6,1111,-200,959,60,825,1153,23.2,18.9,0.9353,Low
23-03-2004,21:00:00,1.0,1165,150,9.2,1175,150,873,100,944,1399,32.5,89.7,1.2171,Moderate
23-03-2004,22:00:00,1.0,1247,-200,23.4,1123,-200,458,60,1117,1269,27.8,70.2,0.23,Low
23-03-2004,23:00:00,0.5,1312,-200,15.9,911,100,988,-200,1654,1470,8.0,21.6,1.4602,High
24-03-2004,00:00:00,-200.0,1118,150,6.8,773,150,898,60,895,861,28.4,16.5,1.2528,High
24-03-2004,01:00:00,0.5,1016,150,17.8,1030,-200,617,60,1013,1000,23.2,68.9,1.1765,Low
24-03-2004,02:00:00,0.5,833,150,2.6,1062,100,966,100,734,1005,24.1,47.9,1.1885,Moderate
24-03-2004,03:00:00,0.5,1065,150,26.2,700,100,966,-200,1124,701,29.5,74.0,0.7058,High
24-03-2004,04:00:00,0.5,1439,150,4.4,615,150,528,60,1608,970,20.9,84.3,1.1771,High
24-03-2004,05:00:00,-200.0,1523,-200,22.8,857,150,782,-200,603,1120,17.4,59.9,0.7028,High
24-03-2004,06:00:00,0.5,1574,150,28.2,843,-200,787,60,777,842,23.0,29.0,1.3683,Low
24-03-2004,07:00:00,1.0,879,120,6.4,947,-200,484,100,1345,1399,11.8,73.7,0.4304,High
24-03-2004,08:00:00,1.0,1476,-200,19.1,848,-200,909,60,858,1563,8.0,86.7,0.5801,Low
24-03-2004,09:00:00,1.0,1212,-200,27.7,704,150,836,60,1251,1552,22.3,58.5,0.9167,Low
24-03-2004,10:00:00,-200.0,1051,120,10.6,886,-200,692,-200,1688,1659,9.7,66.1,0.615,Low
24-03-2004,11:00:00,0.5,811,120,7.4,768,-200,448,60,1640,1676,4.6,40.3,0.7515,Low
24-03-2004,12:00:00,-200.0,1200,-200,13.1,1019,100,466,100,1143,1693,2.0,43.6,0.8401,Low
24-03-2004,13:00:00,0.5,1523,150,20.3,646,100,528,100,1034,1435,22.1,70.1,1.3133,High
24-03-2004,14:00:00,-200.0,1081,-200,21.0,642,100,428,60,889,1578,14.0,84.6,0.8801,Low
24-03-2004,15:00:00,-200.0,911,-200,6.3,920,-200,742,60,1402,1391,26.8,62.2,0.6712,Low
24-03-2004,16:00:00,0.5,1522,120,17.1,820,150,944,-200,1082,1234,14.4,74.2,0.5221,Low
24-03-2004,17:00:00,-200.0,1177,-200,10.9,1112,100,518,-200,833,1566,18.0,27.9,0.7313,Low
24-03-2004,18:00:00,0.5,1550,150,29.8,1040,150,532,100,1007,736,15.4,30.9,0.8705,Low
24-03-2004,19:00:00,1.0,1067,120,12.3,743,-200,726,-200,1293,806,23.5,54.9,1.1699,Low
24-03-2004,20:00:00,1.0,1097,-200,29.7,627,-200,584,60,1161,996,13.8,28.2,0.3574,High
24-03-2004,21:00:00,1.0,1116,-200,16.1,1152,100,905,100,1029,1440,33.8,62.6,0.4881,Low
24-03-2004,22:00:00,-200.0,1369,150,26.0,766,150,933,-200,1031,1524,32.9,36.9,0.6936,Low
24-03-2004,23:00:00,1.0,1308,-200,18.8,1185,100,640,100,1096,796,30.0,74.4,0.6685,High
25-03-2004,00:00:00,0.5,1345,-200,22.5,848,-200,988,60,1582,980,32.4,75.6,0.7093,High
25-03-2004,01:00:00,1.0,1574,-200,15.0,956,150,915,-200,1596,809,16.8,49.8,1.2316,Moderate
25-03-2004,02:00:00,1.0,1164,-200,27.4,710,100,564,60,1496,1248,19.7,28.6,0.6214,High
25-03-2004,03:00:00,-200.0,1346,150,16.0,833,-200,956,60,1426,1251,26.5,63.5,0.8525,High
25-03-2004,04:00:00,0.5,1070,-200,17.1,623,100,617,100,1377,1296,25.0,89.5,1.0111,Low
25-03-2004,05:00:00,-200.0,1273,-200,19.1,625,150,404,100,822,1513,31.4,61.7,0.5018,Moderate
25-03-2004,06:00:00,-200.0,1538,-200,29.5,980,150,480,100,1067,887,25.6,17.7,1.1343,Low
25-03-2004,07:00:00,0.5,1336,120,23.8,945,150,646,-200,1168,1451,34.9,16.3,0.9112,Moderate
25-03-2004,08:00:00,-200.0,1033,150,13.5,977,150,892,-200,974,1569,13.5,39.0,0.7808,Low
25-03-2004,09:00:00,0.5,858,120,24.1,1121,150,785,100,1126,1187,29.5,29.7,1.2527,High
25-03-2004,10:00:00,1.0,1050,120,23.2,616,100,974,-200,1011,1053,25.0,76.0,0.5165,High
25-03-2004,11:00:00,0.5,885,150,32.7,844,100,706,-200,868,718,24.8,78.4,1.3481,Moderate
25-03-2004,12:00:00,0.5,1562,120,29.8,1138,100,942,100,1225,1558,12.8,34.4,0.9294,Low
25-03-2004,13:00:00,0.5,1189,120,23.4,1182,100,406,60,1611,1092,27.9,39.4,0.9919,Low
25-03-2004,14:00:00,-200.0,979,120,13.3,801,-200,914,-200,1049,1536,31.7,32.7,1.3376,High
25-03-2004,15:00:00,0.5,1518,150,27.7,847,-200,967,-200,1401,960,9.2,83.1,1.2629,High
25-03-2004,16:00:00,0.5,948,-200,21.0,717,100,472,60,1421,1684,22.6,52.7,0.982,Moderate
25-03-2004,17:00:00,0.5,1382,150,34.5,608,-200,409,60,854,1109,14.9,64.2,1.1791,High
25-03-2004,18:00:00,1.0,920,150,10.2,1197,-200,972,60,725,1102,34.7,46.2,0.7633,Moderate
25-03-2004,19:00:00,0.5,1564,150,4.6,622,150,961,100,1361,1369,17.8,62.3,0.9116,Moderate
25-03-2004,20:00:00,-200.0,1404,120,4.3,839,100,521,60,1398,1183,9.5,43.9,0.2807,Moderate
25-03-2004,21:00:00,0.5,1055,-200,23.1,1184,-200,912,100,1164,1003,14.6,40.5,0.3168,Moderate
25-03-2004,22:00:00,0.5,1565,150,33.0,626,-200,840,60,1055,1323,23.6,62.6,1.2783,High
25-03-2004,23:00:00,1.0,1599,150,2.1,680,100,437,60,1690,1355,4.5,59.3,0.2776,Moderate
26-03-2004,00:00:00,0.5,1108,-200,26.0,1195,150,990,100,1689,1467,21.9,37.0,0.4202,High
26-03-2004,01:00:00,-200.0,858,-200,23.7,798,100,744,100,1511,1666,32.7,26.2,1.2346,Moderate
26-03-2004,02:00:00,0.5,868,-200,26.2,1154,150,737,60,1461,717,30.1,42.6,0.2015,High
26-03-2004,03:00:00,-200.0,1245,120,13.7,691,-200,583,60,1216,883,4.2,46.1,0.5671,Moderate
26-03-2004,04:00:00,1.0,1187,-200,29.1,683,150,466,60,999,1104,34.8,62.2,0.9593,High
26-03-2004,05:00:00,0.5,885,120,3.5,899,150,416,-200,886,1498,25.1,83.6,0.9741,Low
26-03-2004,06:00:00,1.0,1585,150,26.9,895,100,782,60,785,1596,7.4,17.7,1.2103,Moderate
26-03-2004,07:00:00,0.5,1026,120,10.8,1053,-200,767,100,883,830,2.4,33.3,0.8577,Moderate
26-03-2004,08:00:00,-200.0,1392,-200,17.7,880,100,715,-200,1249,1178,7.7,29.5,0.8622,Low
26-03-2004,09:00:00,1.0,1425,120,29.1,658,100,896,100,1290,1492,29.7,52.7,1.1429,Low
26-03-2004,10:00:00,0.5,983,-200,11.0,941,-200,744,-200,836,1456,2.7,47.2,0.8482,Moderate
26-03-2004,11:00:00,-200.0,1591,120,8.1,1064,100,952,-200,1641,707,9.7,69.7,0.991,High
26-03-2004,12:00:00,1.0,1121,150,24.5,941,100,872,100,1414,1404,27.0,33.2,1.3671,Moderate
26-03-2004,13:00:00,0.5,1117,120,19.6,661,150,514,-200,1527,1017,21.3,59.6,0.7219,High
26-03-2004,14:00:00,1.0,1365,150,19.0,1028,100,499,100,1013,1090,27.8,81.3,0.7007,Low
26-03-2004,15:00:00,0.5,1198,-200,10.5,855,-200,837,60,608,1218,26.6,83.3,0.2046,High
26-03-2004,16:00:00,-200.0,1508,150,3.2,946,100,744,-200,1019,835,3.7,86.9,0.9975,Moderate
26-03-2004,17:00:00,-200.0,1092,-200,15.5,1125,150,748,100,628,1230,31.5,73.0,0.2387,Low
26-03-2004,18:00:00,1.0,1092,-200,5.5,903,100,538,-200,947,1612,9.5,82.9,0.8554,Low
26-03-2004,19:00:00,1.0,1284,150,31.9,844,100,723,100,1260,1350,20.3,32.6,1.2455,Moderate
26-03-2004,20:00:00,0.5,1246,150,3.4,1011,100,701,60,1175,1066,23.3,29.8,0.9149,Moderate
26-03-2004,21:00:00,-200.0,1491,120,16.2,816,150,693,60,1049,1188,7.6,15.5,0.5505,Low
26-03-2004,22:00:00,0.5,1211,120,3.7,1115,-200,928,-200,979,1388,34.2,68.0,1.222,High
26-03-2004,23:00:00,-200.0,1307,150,5.2,1073,-200,691,-200,1298,710,18.1,85.3,0.5506,High
27-03-2004,00:00:00,1.0,1533,150,23.7,635,150,473,100,965,1697,3.9,29.0,1.1529,High
27-03-2004,01:00:00,0.5,1585,150,23.4,777,150,883,100,1011,1252,32.9,62.8,0.9933,Moderate
27-03-2004,02:00:00,0.5,1043,150,3.1,986,100,415,-200,1550,1145,21.3,71.0,0.421,Low
27-03-2004,03:00:00,-200.0,1219,-200,2.0,616,-200,925,100,955,813,25.1,84.6,1.3767,High
27-03-2004,04:00:00,-200.0,953,150,4.6,647,150,735,100,853,1391,19.3,63.5,0.4608,Low
27-03-2004,05:00:00,-200.0,1223,150,27.2,661,-200,915,100,1326,1405,29.5,87.8,1.4865,High
27-03-2004,06:00:00,1.0,1072,150,21.3,668,100,526,-200,1280,895,3.1,40.9,0.2095,Low
27-03-2004,07:00:00,0.5,1446,150,3.3,965,150,917,60,1669,1559,10.9,41.2,0.5425,Moderate
27-03-2004,08:00:00,-200.0,1319,-200,18.1,761,-200,528,60,1672,1436,17.5,55.7,0.4598,Moderate
27-03-2004,09:00:00,1.0,927,120,25.5,1087,-200,910,100,1409,1542,4.5,43.8,0.2182,Moderate
27-03-2004,10:00:00,-200.0,1172,120,30.7,1030,100,822,-200,1072,1022,25.3,15.1,1.1521,High
27-03-2004,11:00:00,0.5,1367,120,32.8,1088,150,784,100,1015,1635,15.0,69.9,1.1015,Moderate
27-03-2004,12:00:00,-200.0,1437,120,12.8,829,-200,631,60,1578,1472,11.0,71.4,1.2301,Moderate
27-03-2004,13:00:00,0.5,958,120,6.5,969,100,594,100,1199,1211,2.1,71.0,0.5337,Moderate
27-03-2004,14:00:00,1.0,1370,-200,9.8,777,-200,464,60,1626,1327,25.8,40.9,0.7776,Low
27-03-2004,15:00:00,1.0,1369,120,27.6,1009,100,676,-200,1059,1680,29.5,54.2,1.0568,Low
27-03-2004,16:00:00,-200.0,1451,-200,34.1,1167,-200,623,100,678,1361,15.0,42.0,0.7717,Low
27-03-2004,17:00:00,0.5,975,-200,17.4,1189,-200,677,-200,1374,1329,20.6,16.2,1.1065,Low
27-03-2004,18:00:00,0.5,1419,120,12.1,869,100,765,100,1694,864,9.5,57.2,1.0242,Low
27-03-2004,19:00:00,0.5,1010,120,16.2,805,150,915,100,1495,951,22.5,24.3,0.349,Low
27-03-2004,20:00:00,-200.0,1246,120,12.1,681,100,614,100,657,1478,2.4,21.0,1.2154,Low
27-03-2004,21:00:00,0.5,1385,150,10.5,792,150,838,100,1223,743,18.1,71.7,1.1369,Moderate
27-03-2004,22:00:00,0.5,966,-200,21.6,788,-200,827,100,647,1169,23.3,15.7,1.0526,Moderate
27-03-2004,23:00:00,0.5,1259,120,2.5,875,-200,795,-200,1438,1188,32.3,86.9,0.4016,High
28-03-2004,00:00:00,0.5,1156,150,10.6,673,100,608,-200,764,880,14.6,53.6,0.5484,Moderate
28-03-2004,01:00:00,-200.0,1103,-200,23.8,609,100,900,60,929,776,27.3,88.7,0.7111,Low
28-03-2004,02:00:00,-200.0,1032,150,3.1,815,150,862,100,812,1073,21.7,19.3,0.5639,Low
28-03-2004,03:00:00,0.5,1126,150,4.7,889,150,985,60,1106,1327,32.6,58.8,0.4962,High
28-03-2004,04:00:00,0.5,981,120,11.7,1044,150,626,-200,1515,1656,15.1,41.2,1.247,Moderate
28-03-2004,05:00:00,1.0,1433,-200,31.0,1151,100,774,60,1400,766,12.5,78.3,1.0297,Moderate
28-03-2004,06:00:00,1.0,1133,150,27.2,792,-200,899,-200,767,1224,31.3,42.1,0.9351,High
28-03-2004,07:00:00,0.5,1514,-200,2.7,888,100,492,100,1594,791,3.6,34.5,0.4937,Low
28-03-2004,08:00:00,0.5,828,120,18.6,1182,-200,859,60,1429,1457,6.5,79.3,1.3935,Low
28-03-2004,09:00:00,1.0,1513,-200,11.1,743,100,976,60,1595,1478,4.7,43.1,0.4485,Low
28-03-2004,10:00:00,1.0,892,150,23.4,988,100,720,60,1586,1350,29.8,16.3,1.2334,Low
28-03-2004,11:00:00,0.5,1487,150,25.8,1006,150,409,60,1386,1552,2.4,44.3,1.4567,High
28-03-2004,12:00:00,-200.0,1129,-200,30.5,969,-200,702,100,1026,943,30.4,64.1,1.1452,Moderate
28-03-2004,13:00:00,-200.0,1522,150,17.7,1040,100,721,-200,1615,1040,16.9,34.1,1.4907,Low
28-03-2004,14:00:00,0.5,983,150,34.8,1163,100,855,-200,1633,1602,2.1,47.4,1.0464,Moderate
28-03-2004,15:00:00,0.5,894,150,34.3,1128,-200,677,100,1372,1484,15.3,19.3,0.4827,Moderate
28-03-2004,16:00:00,1.0,1584,120,31.1,612,100,997,-200,1681,1003,8.2,59.1,0.465,Low
28-03-2004,17:00:00,1.0,1448,120,21.0,939,-200,937,60,1316,1097,22.6,71.7,0.6219,Low
28-03-2004,18:00:00,-200.0,1548,150,15.1,911,150,792,100,685,1402,24.4,46.0,0.2093,Low
28-03-2004,19:00:00,0.5,1152,-200,14.0,703,150,494,-200,703,1147,18.1,46.5,1.0862,Moderate
28-03-2004,20:00:00,1.0,1064,120,2.4,938,-200,506,100,742,796,3.3,21.6,0.5493,High
28-03-2004,21:00:00,-200.0,1446,-200,10.2,797,150,789,100,804,1030,23.7,30.1,1.2597,Low
28-03-2004,22:00:00,-200.0,1455,150,25.7,899,-200,925,-200,1240,904,29.8,26.6,0.6669,Moderate
28-03-2004,23:00:00,-200.0,818,150,21.9,1043,100,470,-200,1661,1148,25.8,51.1,0.8239,Moderate
29-03-2004,00:00:00,1.0,1542,-200,32.2,958,100,986,100,1675,1117,29.4,54.7,1.4554,Low
29-03-2004,01:00:00,1.0,1445,120,3.7,967,-200,775,100,600,1348,8.6,86.2,0.5148,High
29-03-2004,02:00:00,0.5,1425,-200,7.1,768,100,767,-200,610,776,31.3,20.5,1.1376,Low
29-03-2004,03:00:00,0.5,1298,-200,28.0,748,150,450,100,1346,1595,12.6,60.0,1.1817,Low
29-03-2004,04:00:00,-200.0,938,150,13.8,641,100,542,-200,1555,1248,2.4,54.5,0.4873,High
29-03-2004,05:00:00,-200.0,1436,120,5.9,801,100,818,100,1354,1497,29.8,53.7,0.8513,Low
29-03-2004,06:00:00,1.0,1515,-200,34.9,843,-200,947,100,1117,1124,33.1,80.5,0.6553,Low
29-03-2004,07:00:00,1.0,1372,120,28.0,1063,150,899,100,1631,1128,23.6,30.4,1.2035,High
29-03-2004,08:00:00,0.5,1561,150,15.5,1048,100,566,-200,604,1184,9.6,18.1,1.0092,Moderate
29-03-2004,09:00:00,0.5,1324,120,29.2,1036,100,659,60,1293,1514,10.3,65.4,0.8188,Moderate
29-03-2004,10:00:00,0.5,1054,150,24.5,1130,-200,591,-200,711,834,17.4,40.9,1.2132,Moderate
29-03-2004,11:00:00,1.0,884,120,28.1,1164,-200,601,100,1603,1353,31.6,16.3,0.5057,Moderate
29-03-2004,12:00:00,-200.0,1257,-200,28.9,1196,150,584,60,872,953,6.9,33.9,1.1797,Moderate
29-03-2004,13:00:00,0.5,1331,150,4.8,872,100,557,60,1021,1259,29.3,38.2,1.325,Low
29-03-2004,14:00:00,0.5,1361,-200,22.6,1029,-200,498,100,864,954,11.6,61.3,1.3422,High
29-03-2004,15:00:00,1.0,1475,150,2.2,812,-200,640,-200,811,1345,28.7,27.9,1.2188,Moderate
29-03-2004,16:00:00,0.5,891,120,3.4,703,-200,890,60,1381,1501,32.4,46.0,0.7304,High
29-03-2004,17:00:00,-200.0,1399,120,31.8,791,150,601,60,1265,1419,16.1,51.2,1.4764,Moderate
29-03-2004,18:00:00,1.0,868,150,19.4,979,-200,908,-200,968,1198,14.0,49.4,0.6935,Low
29-03-2004,19:00:00,0.5,836,150,26.3,680,150,495,-200,1557,1312,28.5,88.0,1.0302,Moderate
29-03-2004,20:00:00,0.5,1564,150,29.7,1148,150,889,60,946,1183,19.5,18.4,0.4094,Moderate
29-03-2004,21:00:00,1.0,1563,120,33.3,976,100,978,-200,624,745,24.6,86.3,1.4746,High
29-03-2004,22:00:00,1.0,939,150,30.7,753,100,617,60,1575,1142,22.6,58.6,1.1152,High
29-03-2004,23:00:00,0.5,1479,150,17.9,1170,150,926,100,1016,1281,7.0,74.7,1.1794,Low
30-03-2004,00:00:00,-200.0,1365,-200,13.1,839,100,672,-200,1114,1347,29.9,47.3,0.2855,High
30-03-2004,01:00:00,1.0,977,150,7.1,973,100,618,60,814,1491,8.5,49.0,1.1924,High
30-03-2004,02:00:00,-200.0,1417,-200,15.2,803,-200,731,-200,1553,1278,32.8,80.9,1.2071,High
30-03-2004,03:00:00,0.5,936,-200,14.1,949,100,852,-200,1513,703,10.3,82.2,1.0733,Low
30-03-2004,04:00:00,-200.0,989,-200,20.5,742,150,551,60,1027,1435,26.2,32.9,0.5795,Low
30-03-2004,05:00:00,0.5,1439,120,24.0,788,100,746,100,1332,700,11.4,29.9,0.8366,Low
30-03-2004,06:00:00,0.5,1141,-200,34.3,871,-200,813,60,1298,989,12.5,52.2,0.3436,High
30-03-2004,07:00:00,0.5,1358,150,26.0,1131,150,926,-200,815,808,12.2,82.5,0.8131,High
30-03-2004,08:00:00,0.5,804,120,23.2,899,100,830,60,1012,1476,26.7,39.2,0.517,Low
30-03-2004,09:00:00,-200.0,1056,120,13.1,1025,150,778,-200,979,1274,20.4,63.9,0.6538,High
30-03-2004,10:00:00,0.5,1461,120,3.1,645,100,827,60,831,1159,31.1,68.1,0.4114,High
30-03-2004,11:00:00,0.5,1042,120,11.5,694,-200,483,100,1434,965,12.1,73.4,0.4991,Moderate
30-03-2004,12:00:00,-200.0,1586,120,27.4,663,100,591,100,857,837,24.8,57.3,0.2995,Low
30-03-2004,13:00:00,1.0,1519,120,8.8,1012,150,440,100,1002,1133,26.8,45.2,1.3959,Low
30-03-2004,14:00:00,-200.0,1214,120,25.5,608,150,708,100,1023,743,7.0,87.5,0.8895,High
30-03-2004,15:00:00,-200.0,1426,-200,21.1,1058,150,777,60,1369,1585,15.2,60.8,0.7158,High
30-03-2004,16:00:00,-200.0,1506,150,7.7,1008,100,535,100,664,1209,17.9,69.6,0.8955,Moderate
30-03-2004,17:00:00,0.5,1142,150,10.6,1069,100,505,60,789,1643,13.7,40.9,1.0168,Low
30-03-2004,18:00:00,0.5,1481,-200,18.4,1105,100,918,-200,1549,1682,12.6,65.2,1.3984,Low
30-03-2004,19:00:00,0.5,1178,-200,15.8,672,-200,941,-200,772,961,24.7,34.3,0.4323,High
30-03-2004,20:00:00,1.0,1393,120,27.7,683,-200,525,-200,1358,1427,9.1,33.4,0.5842,Low
30-03-2004,21:00:00,0.5,1465,120,26.2,658,-200,756,100,1227,1332,25.4,68.6,1.4685,High
30-03-2004,22:00:00,1.0,1452,-200,21.0,620,150,799,100,1160,851,32.9,54.1,0.6826,Moderate
30-03-2004,23:00:00,0.5,945,120,29.1,1057,150,478,100,1600,912,20.7,66.2,0.2293,High
31-03-2004,00:00:00,-200.0,1122,150,20.6,756,150,788,-200,1000,933,22.2,35.2,0.3919,Moderate
31-03-2004,01:00:00,0.5,921,150,33.8,928,150,978,-200,1237,1562,4.3,59.9,0.2342,High
31-03-2004,02:00:00,1.0,1051,120,9.2,1172,150,934,-200,1548,1322,30.5,48.3,1.4869,Moderate
31-03-2004,03:00:00,1.0,1110,120,25.6,1175,100,473,-200,812,1653,11.4,59.8,0.5625,Moderate
31-03-2004,04:00:00,0.5,1400,120,14.2,802,150,404,60,652,1060,22.3,36.8,1.4006,Low
31-03-2004,05:00:00,-200.0,1274,150,11.2,705,100,862,60,1223,1019,34.3,68.7,1.4947,High
31-03-2004,06:00:00,0.5,1369,120,8.0,721,-200,481,100,1351,921,21.7,75.4,0.9798,Low
31-03-2004,07:00:00,0.5,1291,-200,20.2,917,-200,936,100,1261,1651,25.9,34.5,0.2432,Low
31-03-2004,08:00:00,0.5,1374,120,9.1,781,-200,804,-200,738,1437,16.7,37.5,0.3061,High
31-03-2004,09:00:00,-200.0,1146,-200,8.6,915,-200,913,60,1017,909,4.0,64.6,0.8261,Low
31-03-2004,10:00:00,1.0,1286,120,34.7,1005,-200,677,60,742,1095,28.3,67.2,0.728,Low
31-03-2004,11:00:00,-200.0,1272,120,28.5,669,150,623,100,1108,1630,3.2,67.8,0.988,Low
31-03-2004,12:00:00,1.0,1181,150,26.7,759,150,983,60,1249,1282,25.1,66.2,0.7705,High
31-03-2004,13:00:00,1.0,1079,-200,28.2,839,150,467,100,1085,1188,2.8,44.5,1.4143,Low
31-03-2004,14:00:00,1.0,871,-200,34.0,1122,-200,719,-200,1591,1571,30.5,44.6,0.8952,Low
31-03-2004,15:00:00,-200.0,1320,-200,20.9,737,-200,418,-200,1142,1300,7.2,34.1,1.1018,Low
31-03-2004,16:00:00,0.5,1165,150,9.3,1094,100,742,100,892,1473,19.0,26.8,1.3654,High
31-03-2004,17:00:00,0.5,893,-200,30.5,846,150,993,-200,1270,1660,21.7,66.9,0.3909,Moderate
31-03-2004,18:00:00,0.5,1172,150,26.5,1142,-200,742,-200,1437,1577,17.1,22.0,0.4987,Moderate
31-03-2004,19:00:00,0.5,1138,120,15.7,1123,-200,496,60,1637,1163,13.2,85.3,0.3395,Moderate
31-03-2004,20:00:00,0.5,1236,120,17.6,842,-200,451,60,1233,1399,17.4,77.0,0.3815,Moderate
31-03-2004,21:00:00,-200.0,1135,-200,15.6,935,100,574,60,871,1323,12.3,79.3,0.8664,Low
31-03-2004,22:00:00,-200.0,1463,120,32.7,1021,-200,737,60,1648,1151,16.5,83.0,0.6175,High
31-03-2004,23:00:00,-200.0,1291,120,13.3,793,100,752,60,921,1112,13.8,45.6,0.7501,Low
01-04-2004,00:00:00,-200.0,839,-200,33.8,907,100,790,100,1405,1633,20.7,78.5,1.4772,High
01-04-2004,01:00:00,-200.0,1158,120,32.0,1105,150,514,100,1482,1450,9.9,26.9,0.4037,Low
01-04-2004,02:00:00,-200.0,1373,-200,22.8,880,-200,747,60,1663,1175,34.6,16.6,0.9031,Moderate
01-04-2004,03:00:00,-200.0,1053,-200,21.1,1038,100,400,-200,834,955,18.5,73.9,0.3285,Moderate
01-04-2004,04:00:00,0.5,1380,120,14.2,1082,-200,462,-200,1431,849,8.4,20.6,0.614,High
01-04-2004,05:00:00,1.0,1197,120,2.6,822,150,625,100,743,826,17.7,89.1,0.8858,Low
01-04-2004,06:00:00,-200.0,1556,120,6.2,716,150,822,100,1188,1091,30.6,65.6,1.4306,Moderate
01-04-2004,07:00:00,1.0,969,120,26.9,791,100,418,100,828,1530,2.7,71.5,0.7086,High
01-04-2004,08:00:00,-200.0,1489,120,17.6,1115,150,430,-200,873,1179,24.4,33.4,0.2844,Low
01-04-2004,09:00:00,-200.0,1500,150,6.9,1129,150,423,100,1189,1692,20.1,65.5,0.7046,High
01-04-2004,10:00:00,0.5,1310,120,10.7,906,150,610,-200,1252,1096,7.6,18.2,0.3895,Low
01-04-2004,11:00:00,1.0,1059,150,33.3,1131,-200,560,100,1182,1622,29.0,77.8,0.499,Low
01-04-2004,12:00:00,0.5,1383,-200,14.1,721,-200,654,-200,1567,1101,14.2,27.7,1.0035,Low
01-04-2004,13:00:00,0.5,1258,120,32.0,1191,100,970,100,971,973,11.7,67.3,0.2877,High
01-04-2004,14:00:00,1.0,1328,120,12.1,753,100,513,100,1418,1544,29.3,31.8,0.8041,High
01-04-2004,15:00:00,0.5,1140,120,19.9,1136,150,903,-200,1171,1681,23.1,20.1,0.9923,Low
01-04-2004,16:00:00,-200.0,856,-200,2.7,1051,150,619,100,1144,1657,31.6,51.1,0.7484,Moderate
01-04-2004,17:00:00,-200.0,1017,150,19.2,768,100,756,60,726,1609,22.8,27.7,0.2249,Low
01-04-2004,18:00:00,-200.0,1418,150,23.0,658,150,568,-200,1332,838,26.4,69.7,1.4812,High
01-04-2004,19:00:00,-200.0,1484,120,9.7,900,100,923,100,1016,802,29.6,32.8,0.6773,Low
01-04-2004,20:00:00,-200.0,1530,120,21.1,1152,-200,641,-200,1237,941,3.8,40.7,1.2122,High
01-04-2004,21:00:00,0.5,1263,120,23.4,1149,150,774,100,640,816,27.6,57.6,0.6233,Low
01-04-2004,22:00:00,0.5,1046,120,24.7,716,150,538,60,1386,913,22.3,36.4,0.8175,Low
01-04-2004,23:00:00,-200.0,1529,-200,27.6,726,150,496,100,896,1183,4.3,43.3,0.705,Moderate
02-04-2004,00:00:00,-200.0,1172,120,12.3,1004,-200,546,100,641,1228,18.8,76.2,0.6453,Moderate
02-04-2004,01:00:00,0.5,1216,-200,20.7,998,-200,581,60,1231,1390,4.7,28.4,0.2284,High
02-04-2004,02:00:00,1.0,830,120,34.4,1114,150,456,-200,632,923,26.3,21.2,0.668,Low
02-04-2004,03:00:00,0.5,1167,150,31.6,1097,100,441,100,1264,969,20.0,39.6,1.3563,High
02-04-2004,04:00:00,0.5,1358,150,33.4,1127,-200,942,100,1215,1524,33.5,46.8,1.0975,Low
02-04-2004,05:00:00,0.5,1445,120,14.7,997,150,401,60,1547,1560,8.0,55.7,0.389,Low
02-04-2004,06:00:00,0.5,907,120,28.0,864,150,687,-200,759,833,22.0,42.9,0.9685,Low
02-04-2004,07:00:00,0.5,1383,-200,22.5,862,-200,537,-200,1057,813,9.0,74.2,1.3599,Moderate
02-04-2004,08:00:00,1.0,1217,120,4.7,997,100,911,60,998,1140,22.3,17.9,1.11,High
02-04-2004,09:00:00,-200.0,1419,120,29.2,1126,150,621,60,1180,1343,25.8,47.4,0.3933,Low
02-04-2004,10:00:00,-200.0,1197,120,24.3,1035,100,730,100,819,1350,25.8,43.7,1.3282,Low
02-04-2004,11:00:00,1.0,1071,150,8.6,959,100,803,60,978,1064,28.9,63.6,0.592,High
02-04-2004,12:00:00,-200.0,1482,-200,4.6,728,-200,907,60,1529,931,30.2,87.5,0.7903,High
02-04-2004,13:00:00,-200.0,915,150,29.6,840,150,526,60,1563,1157,4.5,53.3,0.884,Low
02-04-2004,14:00:00,-200.0,1385,-200,4.6,821,150,664,-200,832,1074,13.3,89.0,1.3057,Moderate
02-04-2004,15:00:00,1.0,1055,150,5.0,813,100,414,60,1521,1303,24.7,37.7,1.4111,Moderate
02-04-2004,16:00:00,1.0,880,120,16.1,1191,-200,625,100,833,1478,18.5,17.3,1.4085,Low
02-04-2004,17:00:00,-200.0,1579,150,6.4,734,-200,504,100,1325,1310,8.3,27.4,0.2103,Moderate
02-04-2004,18:00:00,-200.0,927,150,32.2,985,-200,892,100,966,906,20.2,44.6,1.3985,High
02-04-2004,19:00:00,-200.0,1034,-200,17.5,902,100,718,60,1080,1219,15.4,38.7,0.2707,Moderate
02-04-2004,20:00:00,0.5,1352,-200,20.8,886,100,618,-200,1189,1167,14.9,22.3,0.5455,High
02-04-2004,21:00:00,0.5,980,150,32.6,1161,150,676,60,815,1581,28.7,47.4,0.8695,High
02-04-2004,22:00:00,0.5,956,-200,19.5,788,-200,740,60,1324,1142,15.5,40.4,0.8239,High
02-04-2004,23:00:00,1.0,1253,-200,13.7,896,100,851,100,1311,1616,2.9,24.2,0.9861,High
03-04-2004,00:00:00,-200.0,1370,-200,28.3,1125,-200,768,60,1584,1020,3.9,37.2,0.8233,Moderate
03-04-2004,01:00:00,1.0,1560,-200,16.6,988,100,873,-200,990,792,30.3,81.5,1.4147,High
03-04-2004,02:00:00,1.0,1503,-200,12.5,1058,150,589,100,1670,1107,33.7,37.7,0.5127,Low
03-04-2004,03:00:00,1.0,823,150,25.9,860,-200,818,-200,991,857,24.7,68.5,0.5562,High
03-04-2004,04:00:00,-200.0,1272,-200,28.5,712,100,894,-200,1317,1571,14.0,60.9,1.397,Low
03-04-2004,05:00:00,0.5,1199,120,28.1,635,-200,438,-200,984,798,33.0,47.0,0.2998,High
03-04-2004,06:00:00,-200.0,1391,150,34.3,678,100,561,60,980,924,23.9,32.9,0.9924,High
03-04-2004,07:00:00,-200.0,933,150,28.0,874,100,520,60,1203,1551,29.9,42.7,1.0863,Moderate
03-04-2004,08:00:00,1.0,1220,150,27.4,877,100,798,60,1533,1140,27.3,59.4,0.8572,High
03-04-2004,09:00:00,1.0,1012,-200,30.3,911,-200,661,60,998,1419,14.5,41.3,1.1025,High
03-04-2004,10:00:00,1.0,1281,120,2.0,1128,100,960,100,699,1284,17.8,31.1,0.4246,Moderate
03-04-2004,11:00:00,0.5,1147,-200,14.0,803,150,528,60,982,1690,8.1,23.7,1.3084,Moderate
03-04-2004,12:00:00,0.5,965,150,26.3,616,-200,939,100,1306,1100,11.6,81.0,0.382,Low
03-04-2004,13:00:00,0.5,1147,150,21.8,1075,150,755,-200,609,1270,27.7,48.0,0.7211,Moderate
03-04-2004,14:00:00,-200.0,1197,150,7.9,1110,150,831,100,863,1498,31.5,61.9,0.2978,Low
03-04-2004,15:00:00,1.0,1382,150,12.0,809,-200,464,60,1431,763,25.9,51.8,0.9088,High
03-04-2004,16:00:00,-200.0,1525,-200,13.1,1098,100,617,100,1229,1467,17.4,80.4,1.0707,Low
03-04-2004,17:00:00,0.5,1234,120,20.7,1001,150,962,60,1361,1259,4.9,56.0,1.4236,Moderate
03-04-2004,18:00:00,1.0,1376,120,29.4,1028,-200,826,60,794,978,3.9,51.1,1.1611,High
03-04-2004,19:00:00,0.5,1020,150,32.8,677,100,473,100,1161,1409,14.4,84.3,0.9034,Low
03-04-2004,20:00:00,1.0,1107,120,26.8,1167,-200,859,100,696,1369,17.3,69.0,1.4124,Low
03-04-2004,21:00:00,1.0,1597,150,29.8,679,-200,824,-200,1061,1522,22.1,23.4,0.822,Low
03-04-2004,22:00:00,-200.0,1496,150,17.5,905,-200,591,-200,1357,1218,2.2,28.3,0.9296,High
03-04-2004,23:00:00,-200.0,1518,120,14.9,657,100,588,-200,686,947,34.7,74.0,0.9749,Low
04-04-2004,00:00:00,0.5,1265,150,15.0,1129,150,411,-200,1590,1067,14.0,77.7,0.733,Low
04-04-2004,01:00:00,-200.0,898,120,22.3,807,150,638,-200,676,1443,30.0,55.9,1.29,Moderate
04-04-2004,02:00:00,-200.0,1041,150,6.1,1110,-200,992,100,1260,1317,19.7,56.6,0.4407,Low
04-04-2004,03:00:00,-200.0,957,120,21.1,734,-200,852,-200,1364,1670,6.3,62.4,0.9213,High
04-04-2004,04:00:00,1.0,1409,150,23.9,1121,100,782,100,1277,797,28.3,47.9,1.1389,Moderate
04-04-2004,05:00:00,-200.0,1353,120,16.5,1180,-200,447,-200,1390,967,25.4,66.0,1.3752,High
04-04-2004,06:00:00,0.5,1450,150,33.5,682,-200,716,60,1182,759,19.4,23.1,1.3491,Moderate
04-04-2004,07:00:00,1.0,1594,150,22.1,643,-200,608,-200,1270,1199,19.0,87.1,0.8614,Moderate
04-04-2004,08:00:00,1.0,1026,150,9.3,1082,150,946,60,1137,1007,4.9,71.3,1.0361,Low
04-04-2004,09:00:00,-200.0,1222,120,17.8,1092,-200,518,100,1029,1192,23.6,62.3,0.7125,High
04-04-2004,10:00:00,1.0,871,-200,24.3,1098,150,976,-200,1692,1110,32.1,38.7,0.8086,Low
04-04-2004,11:00:00,0.5,1042,150,12.7,617,100,714,100,732,839,5.1,27.1,1.3781,Moderate
04-04-2004,12:00:00,0.5,1329,150,4.6,893,100,435,-200,788,1608,10.7,45.7,1.4099,Low
04-04-2004,13:00:00,1.0,1388,120,21.3,747,150,862,100,1172,1027,31.8,64.6,1.364,Moderate
04-04-2004,14:00:00,-200.0,844,150,33.3,1071,150,953,-200,878,1163,11.4,62.5,0.3799,Moderate
04-04-2004,15:00:00,-200.0,1271,150,18.0,771,150,980,-200,1141,1401,23.6,43.7,1.3051,High
04-04-2004,16:00:00,1.0,1170,150,31.9,1162,150,802,60,1345,1336,19.6,61.0,1.4329,High
04-04-2004,17:00:00,0.5,1451,150,29.6,1130,-200,506,100,1498,1624,21.7,76.0,0.6696,High
04-04-2004,18:00:00,1.0,1488,-200,6.9,719,150,438,100,1052,862,15.7,17.0,0.8742,High
04-04-2004,19:00:00,-200.0,1533,-200,25.4,665,150,980,100,1488,759,11.9,48.8,1.2128,Low
04-04-2004,20:00:00,-200.0,891,150,16.4,740,150,579,100,1450,1624,3.6,71.9,0.9307,High
04-04-2004,21:00:00,1.0,821,150,10.3,1045,-200,411,100,769,730,26.6,56.0,1.4915,High
04-04-2004,22:00:00,0.5,971,150,24.7,1105,-200,738,60,1429,1032,26.6,63.9,0.7924,High
04-04-2004,23:00:00,1.0,1403,-200,26.5,788,-200,947,-200,1297,775,24.1,53.8,1.1281,Moderate
05-04-2004,00:00:00,0.5,991,-200,7.9,757,100,525,60,1680,1454,23.2,89.4,1.2304,Moderate
05-04-2004,01:00:00,0.5,876,120,32.2,845,-200,462,100,1368,1016,10.0,19.1,0.8423,High
05-04-2004,02:00:00,1.0,1080,120,26.8,632,150,481,100,957,1469,2.7,51.8,1.3141,Moderate
05-04-2004,03:00:00,1.0,1163,150,32.8,960,-200,698,-200,800,1116,28.7,21.9,0.91,Moderate
05-04-2004,04:00:00,0.5,978,150,12.5,929,-200,433,60,1043,1667,18.2,27.0,0.7351,Low
05-04-2004,05:00:00,0.5,1037,-200,33.0,1111,150,448,-200,1426,889,12.1,43.7,0.3402,Moderate
05-04-2004,06:00:00,0.5,934,150,14.2,670,-200,456,-200,700,1188,5.4,26.7,0.7114,Low
05-04-2004,07:00:00,0.5,1079,150,3.8,912,100,508,60,1537,1588,4.1,87.3,1.1541,Moderate
05-04-2004,08:00:00,-200.0,818,-200,27.2,678,-200,916,-200,628,1014,13.5,86.0,1.3977,High
05-04-2004,09:00:00,1.0,1394,-200,25.2,768,100,423,60,1264,995,28.6,40.2,0.5272,Moderate
05-04-2004,10:00:00,0.5,1539,-200,21.7,779,100,620,60,672,1200,32.3,63.0,0.6618,Moderate
05-04-2004,11:00:00,1.0,1170,-200,18.2,859,100,714,100,853,876,31.6,55.0,0.4001,Low
05-04-2004,12:00:00,0.5,1576,120,3.1,1085,150,693,-200,1115,1499,32.4,76.2,1.0979,High
05-04-2004,13:00:00,1.0,911,-200,22.6,604,-200,409,100,1348,1505,32.0,62.1,1.4482,Low
05-04-2004,14:00:00,1.0,1562,-200,15.8,896,100,880,-200,1643,1559,19.4,15.0,1.0332,High
05-04-2004,15:00:00,0.5,1475,150,20.5,959,100,666,-200,1134,1418,9.2,72.2,1.0022,High
05-04-2004,16:00:00,0.5,1479,150,16.2,716,-200,487,100,1020,914,28.3,71.0,0.9195,Low
05-04-2004,17:00:00,1.0,1020,150,33.9,956,150,854,100,1045,1555,9.1,53.2,0.315,Moderate
05-04-2004,18:00:00,1.0,1103,120,21.9,1038,150,932,100,1478,1352,10.8,82.7,1.1484,High
05-04-2004,19:00:00,1.0,1502,-200,26.7,930,100,547,60,735,1296,9.7,83.1,0.9827,Moderate
05-04-2004,20:00:00,-200.0,1124,-200,32.9,1124,150,830,-200,632,1393,19.0,54.3,1.0599,Low
05-04-2004,21:00:00,0.5,1236,120,21.5,787,-200,641,60,1246,1031,12.6,60.6,1.3685,Low
05-04-2004,22:00:00,-200.0,1237,-200,2.4,880,150,465,-200,877,827,7.1,89.7,1.2191,Low
05-04-2004,23:00:00,-200.0,969,150,3.1,1110,-200,777,-200,732,968,17.0,37.4,1.2152,Low
06-04-2004,00:00:00,0.5,1174,120,25.2,1065,100,787,60,1349,1250,30.8,39.3,1.4053,High
06-04-2004,01:00:00,0.5,1356,-200,11.2,714,-200,608,60,725,1234,20.8,28.7,1.4869,Low
06-04-2004,02:00:00,-200.0,1180,120,21.1,835,100,814,-200,944,1453,31.0,82.2,0.9557,Moderate
06-04-2004,03:00:00,0.5,813,120,8.7,937,-200,415,100,616,1065,8.5,70.8,0.3415,Moderate
06-04-2004,04:00:00,1.0,1542,-200,10.9,1121,-200,696,100,1423,1318,7.5,22.9,0.7969,High
06-04-2004,05:00:00,1.0,1468,150,18.7,798,150,619,100,1161,1047,21.0,88.6,1.2239,Low
06-04-2004,06:00:00,-200.0,1299,-200,34.2,649,-200,766,100,1246,841,17.3,69.8,0.236,High
06-04-2004,07:00:00,-200.0,1445,-200,22.3,741,100,628,-200,1229,844,23.8,78.8,0.274,High
06-04-2004,08:00:00,0.5,1190,150,32.9,1127,-200,839,100,1417,1491,28.2,18.6,0.2873,High
06-04-2004,09:00:00,0.5,1348,-200,33.7,1113,100,931,100,659,944,26.8,52.9,1.1503,Low
06-04-2004,10:00:00,-200.0,1364,-200,8.9,629,100,849,100,1066,1141,33.1,67.4,0.8515,Moderate
06-04-2004,11:00:00,-200.0,1329,-200,12.3,681,-200,435,-200,1227,1402,15.1,55.7,0.6796,Moderate
06-04-2004,12:00:00,1.0,1291,120,27.4,630,150,821,60,990,989,8.8,65.0,0.3373,High
06-04-2004,13:00:00,1.0,1349,120,30.6,932,-200,588,100,1535,1390,20.2,76.3,1.1519,High
06-04-2004,14:00:00,0.5,1498,120,19.1,776,-200,577,-200,1284,811,5.7,43.1,0.6173,Moderate
06-04-2004,15:00:00,1.0,1184,-200,34.8,969,150,714,-200,1097,913,11.5,78.7,0.5449,Moderate
06-04-2004,16:00:00,0.5,995,150,2.4,1146,100,419,100,1199,1349,8.9,27.2,1.048,Low
06-04-2004,17:00:00,0.5,1554,120,11.9,1134,-200,781,60,1048,1585,15.1,35.3,0.9267,High
06-04-2004,18:00:00,0.5,1099,150,22.6,705,150,542,60,1279,899,5.7,18.3,0.6711,Low
06-04-2004,19:00:00,1.0,1346,-200,17.5,696,150,461,60,729,1104,3.1,42.3,1.0339,Moderate
06-04-2004,20:00:00,-200.0,1526,120,5.8,829,100,641,-200,748,1120,23.7,43.5,0.5526,Moderate
06-04-2004,21:00:00,-200.0,1530,-200,14.1,826,150,637,100,1417,706,22.1,75.4,1.2333,Moderate
06-04-2004,22:00:00,1.0,1401,150,2.8,970,100,530,100,1547,1557,25.4,64.0,0.4981,Moderate
06-04-2004,23:00:00,-200.0,1107,120,23.2,699,-200,522,-200,1099,1224,23.8,47.8,0.4065,Low
07-04-2004,00:00:00,0.5,1051,120,31.5,1044,150,839,100,1257,1291,5.8,63.9,1.2172,Moderate
07-04-2004,01:00:00,-200.0,807,120,31.2,1067,-200,741,100,1653,985,11.6,19.0,1.1203,High
07-04-2004,02:00:00,1.0,1567,120,25.1,654,150,818,60,1176,1370,6.3,28.5,0.4374,Moderate
07-04-2004,03:00:00,-200.0,1007,150,17.4,794,150,854,100,1647,1088,29.8,62.0,0.3511,High
07-04-2004,04:00:00,0.5,930,120,18.9,1119,-200,597,100,1583,1115,26.6,63.1,1.2899,Moderate
07-04-2004,05:00:00,0.5,1535,-200,6.5,1023,150,681,-200,1322,1483,8.7,73.1,1.2096,Low
07-04-2004,06:00:00,1.0,1508,120,13.3,914,-200,400,-200,821,1412,13.3,45.2,0.6254,High
07-04-2004,07:00:00,1.0,1453,150,8.2,727,-200,731,60,1201,849,33.9,69.2,1.0557,Low
07-04-2004,08:00:00,1.0,1563,120,29.1,631,100,611,-200,1283,1659,21.6,66.3,0.3614,Moderate
07-04-2004,09:00:00,0.5,1407,150,32.2,692,-200,486,60,1341,1127,28.4,87.3,0.8592,Low
07-04-2004,10:00:00,-200.0,825,150,19.7,1118,100,460,60,1524,1507,10.7,31.1,0.2243,Moderate
07-04-2004,11:00:00,-200.0,1422,-200,26.0,857,-200,494,100,1179,992,8.9,56.4,0.7091,Low
07-04-2004,12:00:00,1.0,1253,120,6.0,819,150,952,60,1000,1033,27.9,60.1,0.2973,Low
07-04-2004,13:00:00,-200.0,1434,120,22.1,705,-200,546,100,1500,971,24.6,89.9,0.8177,High
07-04-2004,14:00:00,-200.0,985,120,25.2,1147,150,645,60,1111,742,24.5,30.1,0.7482,Moderate
07-04-2004,15:00:00,1.0,1283,-200,16.9,1015,100,696,-200,687,1167,20.2,54.2,0.7777,Low
07-04-2004,16:00:00,1.0,1479,-200,10.0,1156,150,522,-200,649,1018,20.6,41.0,0.2589,Moderate
07-04-2004,17:00:00,0.5,850,150,31.0,908,-200,855,-200,702,1191,26.3,54.4,0.6701,High
07-04-2004,18:00:00,0.5,804,150,26.5,965,150,798,60,967,1226,10.9,32.4,1.1834,Low
07-04-2004,19:00:00,0.5,1388,150,31.7,1120,100,630,60,1535,1459,13.6,18.6,0.6796,Moderate
07-04-2004,20:00:00,0.5,959,-200,29.0,1058,150,933,100,1497,871,30.8,57.9,1.1297,Low
07-04-2004,21:00:00,-200.0,1007,-200,34.7,1198,150,801,100,1508,1429,12.2,40.2,0.6803,Low
07-04-2004,22:00:00,-200.0,1056,-200,8.3,969,-200,991,100,857,1348,20.0,28.6,0.7502,Low
07-04-2004,23:00:00,0.5,1004,150,4.9,930,-200,529,100,989,1020,25.2,39.3,0.9331,Low
08-04-2004,00:00:00,0.5,1566,-200,13.1,610,150,691,60,1372,1438,35.0,18.7,1.4359,High
08-04-2004,01:00:00,1.0,810,150,6.3,1106,100,675,60,1353,743,16.4,86.3,0.3415,High
08-04-2004,02:00:00,-200.0,807,150,19.3,1018,150,775,100,993,1231,16.1,58.6,0.2428,Moderate
08-04-2004,03:00:00,-200.0,1208,120,22.9,721,100,454,60,1282,1330,29.8,76.1,0.9903,Moderate
08-04-2004,04:00:00,0.5,831,120,21.1,834,100,977,60,869,1153,28.6,46.7,1.4338,Low
08-04-2004,05:00:00,-200.0,1339,120,10.6,930,100,425,60,748,1445,26.1,82.7,1.4866,Low
08-04-2004,06:00:00,1.0,1517,150,32.0,1142,150,840,60,1410,1669,17.3,51.2,0.8294,Low
08-04-2004,07:00:00,1.0,1186,120,2.7,947,100,596,100,627,1579,12.7,58.0,0.8085,High
08-04-2004,08:00:00,-200.0,1027,120,13.5,1011,150,642,100,879,1590,22.1,51.9,1.0385,Low
08-04-2004,09:00:00,0.5,1439,120,25.7,823,100,589,60,765,1628,30.9,70.0,0.9223,Moderate
08-04-2004,10:00:00,-200.0,1566,-200,27.3,752,100,967,-200,616,1547,31.2,57.5,1.0243,Low
08-04-2004,11:00:00,1.0,1274,150,15.7,811,150,966,100,938,1567,5.6,35.4,1.3362,High
08-04-2004,12:00:00,0.5,1523,120,2.6,691,-200,675,100,1668,1473,16.1,25.9,1.1702,Low
08-04-2004,13:00:00,-200.0,1550,-200,22.4,930,-200,808,-200,1441,782,17.3,60.5,0.8459,High
08-04-2004,14:00:00,0.5,1006,-200,4.1,1066,150,739,100,788,1242,34.3,51.7,0.8004,High
08-04-2004,15:00:00,0.5,1117,-200,5.6,1153,150,552,-200,1250,1021,24.4,22.2,1.0315,High
08-04-2004,16:00:00,1.0,1594,120,23.5,827,-200,964,-200,1684,1485,15.4,44.7,0.7924,High
08-04-2004,17:00:00,0.5,1556,-200,12.3,793,-200,797,60,893,933,2.9,53.6,0.7951,Moderate
08-04-2004,18:00:00,-200.0,1356,150,13.5,1129,-200,843,100,1656,1239,20.7,77.0,0.2212,High
08-04-2004,19:00:00,0.5,1416,-200,18.1,842,150,826,-200,1014,951,5.2,20.7,0.4263,Moderate
08-04-2004,20:00:00,0.5,1147,-200,34.3,988,100,886,60,1402,1535,29.5,41.1,0.8351,Moderate
08-04-2004,21:00:00,-200.0,1592,-200,33.9,875,150,603,100,1030,1464,26.8,76.7,1.2694,Low
08-04-2004,22:00:00,1.0,1033,-200,15.7,1049,-200,511,60,1646,1148,17.2,63.6,0.5623,Low
08-04-2004,23:00:00,1.0,1500,150,10.8,1186,100,724,60,1086,938,16.2,36.7,0.8794,High
09-04-2004,00:00:00,-200.0,843,120,12.0,1173,150,657,-200,688,1189,31.6,78.4,0.6485,Low
09-04-2004,01:00:00,-200.0,1536,150,10.9,1077,-200,927,100,870,1581,11.5,52.0,0.3362,High
09-04-2004,02:00:00,1.0,941,150,19.6,1079,150,749,60,1499,1163,10.2,52.4,1.4458,Low
09-04-2004,03:00:00,0.5,1447,120,22.0,887,100,834,-200,877,1640,33.0,88.2,1.3111,High
09-04-2004,04:00:00,-200.0,975,-200,18.1,1139,-200,825,-200,805,1013,28.7,86.0,0.302,Low
09-04-2004,05:00:00,0.5,1453,120,15.5,929,150,679,60,1512,874,29.1,41.9,1.1357,Low
09-04-2004,06:00:00,-200.0,1248,120,9.0,1069,100,770,60,927,1405,8.4,25.5,0.6519,Moderate
09-04-2004,07:00:00,1.0,1391,150,17.9,1133,100,648,-200,1457,879,6.7,39.4,1.4933,Low
09-04-2004,08:00:00,0.5,881,120,13.3,1066,150,580,60,1476,1631,2.9,17.3,0.5931,Low
09-04-2004,09:00:00,0.5,934,-200,19.9,1019,100,477,60,1461,1084,9.8,16.6,0.5104,High
09-04-2004,10:00:00,-200.0,1518,150,24.3,721,-200,735,100,935,994,27.5,44.7,0.9383,Moderate
09-04-2004,11:00:00,0.5,976,-200,22.9,907,100,449,-200,1205,914,9.9,85.6,1.2857,High
09-04-2004,12:00:00,-200.0,1182,150,17.3,933,150,484,60,1191,1685,26.1,80.4,0.4503,Low
09-04-2004,13:00:00,1.0,1042,-200,20.3,1019,-200,403,-200,1661,1414,10.3,53.4,1.1222,High
09-04-2004,14:00:00,0.5,1366,120,11.4,925,100,716,100,1613,1461,15.0,57.4,0.2798,Moderate
09-04-2004,15:00:00,-200.0,940,120,2.8,1172,100,510,-200,1307,1573,34.4,15.4,1.3946,High
09-04-2004,16:00:00,0.5,1256,120,22.6,849,-200,733,-200,1577,1468,10.1,31.2,0.3054,Low
09-04-2004,17:00:00,-200.0,1239,-200,10.3,694,-200,532,-200,1024,774,14.4,16.9,1.3885,High
09-04-2004,18:00:00,-200.0,855,150,24.1,895,100,518,100,1186,1043,11.9,71.6,0.838,Low
09-04-2004,19:00:00,-200.0,1326,150,26.7,783,-200,749,100,1405,1413,5.6,25.9,0.7825,Moderate
09-04-2004,20:00:00,1.0,1496,150,32.2,859,150,941,-200,1319,841,18.2,80.2,1.4653,Moderate
09-04-2004,21:00:00,0.5,1218,120,33.6,785,100,454,-200,1548,1417,14.5,63.2,1.4875,High
09-04-2004,22:00:00,1.0,887,-200,2.3,1008,150,760,100,1254,898,24.9,32.2,1.0452,Moderate
09-04-2004,23:00:00,-200.0,1408,150,34.7,668,100,852,60,1073,1618,29.0,26.8,0.3653,High
10-04-2004,00:00:00,-200.0,1455,-200,24.5,607,150,952,100,1167,870,20.0,62.1,0.858,Low
10-04-2004,01:00:00,1.0,807,150,23.2,864,150,729,-200,810,1105,3.1,82.6,0.8879,High
10-04-2004,02:00:00,1.0,1276,120,2.5,1083,-200,618,60,1681,1527,22.4,68.9,0.8688,Low
10-04-2004,03:00:00,0.5,1014,-200,30.4,970,100,607,60,1696,927,3.8,41.1,0.9403,Moderate
10-04-2004,04:00:00,-200.0,1484,150,6.8,682,-200,484,60,814,1110,22.3,59.1,0.2243,Low
10-04-2004,05:00:00,1.0,1534,150,29.6,810,-200,644,100,1499,1651,24.6,38.3,1.1246,Low
10-04-2004,06:00:00,-200.0,1351,150,2.5,912,100,734,100,1696,1597,8.5,89.9,1.1261,Low
10-04-2004,07:00:00,-200.0,1296,150,23.3,936,150,611,100,1066,1634,29.0,71.2,0.3501,Low
10-04-2004,08:00:00,0.5,1493,120,16.3,1089,100,995,100,953,1390,32.1,61.1,0.9413,Low
10-04-2004,09:00:00,0.5,1302,150,8.6,1002,100,582,-200,1642,1577,28.8,46.7,0.9389,High
10-04-2004,10:00:00,0.5,1581,150,5.5,790,100,532,60,1224,1486,12.1,61.4,1.0872,Low
10-04-2004,11:00:00,1.0,1498,120,16.5,934,-200,749,-200,971,761,21.4,40.6,0.311,Low
10-04-2004,12:00:00,-200.0,1044,150,6.1,1121,100,681,100,783,1026,32.2,17.2,1.0145,Low
10-04-2004,13:00:00,1.0,1277,-200,18.1,686,100,692,100,1273,1415,12.6,44.6,0.565,Low
10-04-2004,14:00:00,1.0,1108,-200,22.6,1178,100,668,-200,1354,1662,29.1,84.8,0.8591,Low
10-04-2004,15:00:00,0.5,1030,150,29.3,661,150,596,60,921,1658,2.3,62.0,1.2053,Low
10-04-2004,16:00:00,-200.0,1182,120,24.4,986,150,936,60,1034,1578,2.1,21.3,1.1173,Moderate
10-04-2004,17:00:00,-200.0,954,120,4.2,745,150,419,100,1666,832,27.1,81.4,0.3546,High
10-04-2004,18:00:00,0.5,974,120,12.1,752,150,804,100,892,1283,27.1,35.2,0.9685,Low
10-04-2004,19:00:00,-200.0,914,150,11.5,948,-200,514,100,1287,1289,28.0,33.3,1.4599,High
10-04-2004,20:00:00,0.5,1189,150,32.2,777,-200,425,100,1487,888,32.7,37.3,0.4038,Moderate
10-04-2004,21:00:00,1.0,1110,-200,30.6,1086,100,965,60,668,1055,5.9,58.3,1.3088,Moderate
10-04-2004,22:00:00,1.0,1099,120,14.2,846,-200,794,-200,655,770,9.7,55.9,1.1133,Low
10-04-2004,23:00:00,0.5,817,150,4.3,853,150,780,60,1230,962,31.8,51.9,1.2062,High
11-04-2004,00:00:00,1.0,1583,150,31.5,1099,100,922,-200,1019,1005,7.8,68.8,0.5665,Low
11-04-2004,01:00:00,1.0,811,150,31.3,1140,100,938,100,1166,1257,24.5,38.7,0.5743,Moderate
11-04-2004,02:00:00,0.5,1203,120,30.2,951,150,482,100,1149,923,19.5,73.7,1.3778,Moderate
11-04-2004,03:00:00,1.0,1503,120,29.9,1111,150,949,-200,842,1027,4.7,28.1,0.6678,High
11-04-2004,04:00:00,-200.0,1031,-200,17.8,612,150,844,100,1347,1461,11.4,73.7,0.2819,Low
11-04-2004,05:00:00,1.0,1404,120,7.9,1158,-200,486,60,1126,1287,19.2,64.8,0.9808,High
11-04-2004,06:00:00,0.5,1529,150,17.8,750,100,786,100,676,773,30.1,66.2,0.3623,High
11-04-2004,07:00:00,-200.0,1077,-200,18.3,649,150,797,100,1039,1210,25.3,51.1,1.2356,Moderate
11-04-2004,08:00:00,-200.0,1152,120,18.2,814,100,685,100,1678,841,22.5,65.0,1.0343,High
11-04-2004,09:00:00,1.0,1102,120,19.8,971,100,768,100,1115,1284,18.4,21.0,1.3371,Moderate
11-04-2004,10:00:00,-200.0,1340,120,10.5,712,-200,821,60,1214,801,11.9,78.9,1.2203,Low
11-04-2004,11:00:00,0.5,1269,120,14.1,851,100,842,-200,1630,1305,5.9,19.2,0.3457,High
11-04-2004,12:00:00,-200.0,876,150,16.3,940,150,919,100,1275,1280,15.5,26.2,0.6954,High
11-04-2004,13:00:00,1.0,1320,120,6.3,652,150,983,100,1019,764,2.9,58.3,1.2069,Low
11-04-2004,14:00:00,1.0,823,150,17.0,729,100,687,60,875,892,9.0,70.5,0.7425,High
11-04-2004,15:00:00,-200.0,814,150,28.7,792,100,494,60,1207,1652,16.3,20.7,1.4641,Low
